turbineId,manufacturer,power,country,city,latitude,longitude
ACME-A-Coruna,GE,91,Spain,A Coruña,43.365,-8.41
ACME-Abakan,GE,91,Russia,Abakan,53.7167,91.4167
ACME-Accra,GE,180,Ghana,Accra,5.5645,-0.2257
ACME-Ansan-si,GE,98,South Korea,Ansan,37.3481,126.8595
ACME-Araras,GE,118,Brazil,Araras,-22.3572,-47.3844
ACME-Arica,GE,97,Chile,Arica,-18.4854,-70.2928
ACME-Atlanta,GE,54,United States,Atlanta,33.7485,-84.3915
ACME-Atlantic-City,GE,183,United States,Atlantic City,39.3606,-74.4319
ACME-Babruysk,GE,137,Belarus,Babruysk,53.1449,29.2353
ACME-Barbacena,GE,105,Brazil,Barb
acena,-21.2167,-43.7667
ACME-Benxi,GE,107,China,Benxi,41.3,123.7667
ACME-Bhiwandi,GE,120,India,Bhiwandi,19.2967,73.0631
ACME-Bhubaneshwar,GE,76,India,Bhubaneswar,20.27,85.84
ACME-Biysk,GE,97,Russia,Biysk,52.5392,85.2078
ACME-Brno,GE,107,Czech Republic,Brno,49.1921,16.6132
ACME-Burgos,GE,79,Spain,Burgos,42.35,-3.7067
ACME-Bydgoszcz,GE,107,Poland,Bydgoszcz,53.1167,18
ACME-Caloocan-City,GE,75,Philippines,Caloocan,14.65,120.9667
ACME-Cebu-City,GE,82,Philippines,Cebu City,10.2833,123.9
ACME-Chelyabinsk,GE,46,Russia,Chelyabinsk,55.1547,61.3758
ACME-Chernivtsi,GE,108,Ukraine,Chernivtsi,48.3196,25.9415
ACME-Chimbote,GE,87,Peru,Chimbote,-9.0886,-78.5747
ACME-Concepcion,GE,98,Chile,Concepción,-36.8282,-73.0514
ACME-Criciuma,GE,141,Brazil,Criciúma,-28.6783,-49.3704
ACME-Dayton,Envision,83,United States,Dayton,39.761,-84.1922
ACME-Detroit,Envision,120,United States,Detroit,42.3329,-83.0478
ACME-General-Escobedo,Envision,40,Mexico,General Escobedo,25.8167,-100.333
ACME-Giron,Envision,134,Colombia,Girón,7.0708,-73.1731
ACME-Gravatai,Envision,165,Brazil,Gravataí,-29.9438,-50.9936
ACME-Graz,Envision,165,Austria,Graz,47.0696,15.4382
ACME-Guanare,Envision,153,Venezuela,Guanare,9.0424,-69.7489
ACME-Haikou,Envision,34,China,Haikou,20.0428,110.3417
ACME-Halifax,Envision,100,Canada,Halifax,44.6462,-63.5736
ACME-Hangzhou,Envision,13,China,Hangzhou,30.25,120.1667
ACME-Haora,Envision,209,India,Howrah,22.59,88.31
ACME-Huaian,Envision,130,China,Huai'an,33.5,119.1333
ACME-Invercargill,Envision,143,New Zealand,Invercargill,-46.4113,168.3525
ACME-Iquique,Envision,30,Chile,Iquique,-20.2167,-70.15
ACME-Izhevsk,Envision,185,Russia,Izhevsk,56.8333,53.1833
ACME-Jackson,Envision,71,United States,Jackson,32.2989,-90.1847
ACME-Johor-Bahru,Envision,51,Malaysia,Johor Bahru,1.4594,103.7649
ACME-Launceston,Envision,69,Australia,Launceston,-41.437,147.1394
ACME-Lismore,Envision,65,Australia,Lismore,-28.8167,153.2833
ACME-Madison,Envision,78,United States,Madison,43.067,-89.4
ACME-Magdeburg,Envision,155,Germany,Magdeburg,52.1317,11.6403
ACME-Malatya,Envision,36,Turkey,Malatya,38.3457,38.2897
ACME-Maracay,Envision,104,Venezuela,Maracay,10.2469,-67.5961
ACME-Mexicali,Envision,107,Mexico,Mexicali,32.6412,-115.4756
ACME-Milagro,Envision,13,Ecuador,Milagro,-2.1347,-79.5872
ACME-Milan,Siemens,80,Italy,Milan,45.4636,9.1881
ACME-Mumbai,Siemens,160,India,Mumbai,18.975,72.8258
ACME-Neiva,Siemens,76,Colombia,Neiva,2.9986,-75.3044
ACME-Oakland,Siemens,116,United States,Oakland,37.8048,-122.2725
ACME-Olympia,Siemens,114,United States,Olympia,47.0425,-122.8931
ACME-Omaha,Siemens,88,United States,Omaha,41.25,-96
ACME-Ottawa,Siemens,63,Canada,Ottawa,45.4204,-75.6924
ACME-Petare,Siemens,72,Venezuela,Petare,10.4766,-66.8093
ACME-Pingdingshan,Siemens,174,China,Pingdingshan,33.7333,113.3
ACME-Ponta-Grossa,Siemens,31,Brazil,Ponta Grossa,-25.0994,-50.1583
ACME-Porirua,Siemens,151,New Zealand,Porirua,-41.1333,174.85
ACME-Pretoria,Siemens,27,South Africa,Pretoria,-25.7461,28.1881
ACME-Raipur,Siemens,174,India,Raipur,21.2455,81.6421
ACME-Rajkot,Vestas,90,India,Rajkot,22.3,70.7833
ACME-Reno,Vestas,129,United States,Reno,39.5272,-119.8219
ACME-Riobamba,Vestas,64,Ecuador,Riobamba,-1.6653,-78.658
ACME-Rome,Vestas,110,Italy,Rome,41.8906,12.4943
ACME-San-Antonio,Vestas,116,United States,San Antonio,29.4167,-98.5
ACME-San-Juan-de-los-Morros,Vestas,72,Venezuela,San Juan de los Morros,9.9108,-67.3581
ACME-Santa-Cruz-de-la-Sierra,Vestas,117,Bolivia,Santa Cruz de la Sierra,-17.7833,-63.1792
ACME-Sherbrooke,Vestas,95,Canada,Sherbrooke,45.4,-71.9
ACME-Simoes-Filho,Vestas,230,Brazil,Simões Filho,-12.7839,-38.4039
ACME-Temecula,Vestas,75,United States,Temecula,33.5033,-117.1236
ACME-Tlaquepaque,Vestas,149,Mexico,Tlaquepaque,20.65,-103.3167
ACME-Torreon,Vestas,126,Mexico,Torreón,25.5394,-103.4486
ACME-Toulouse,Vestas,117,France,Toulouse,43.6039,1.4445
ACME-Tucson,Vestas,130,United States,Tucson,32.2217,-110.9264
ACME-Vantaa,Vestas,94,Finland,Vantaa,60.2944,25.0403
ACME-Vladikavkaz,Vestas,85,Russia,Vladikavkaz,43.0167,44.65
ACME-Volta-Redonda,Vestas,210,Brazil,Volta Redonda,-22.5228,-44.1039
ACME-Wenshan-City,Vestas,98,China,Wenshan City,23.3667,104.25
