start,turbineId,end,event_code
2023-02-11T22:59:52Z,34,2023-02-02T16:23:11Z,SYSTEM_REBOOT
2023-03-05T05:41:56Z,34,2023-02-12T00:35:30Z,SYSTEM_OVERLOAD
2023-02-20T10:56:40Z,34,2023-02-14T05:09:08Z,SYSTEM_OVERLOAD
2023-03-17T22:24:43Z,34,2023-02-17T03:50:48Z,UNPLANNED_MAINTENANCE
2023-02-18T12:16:06Z,34,2023-02-19T11:55:37Z,SYSTEM_REBOOT
2023-02-07T11:40:15Z,34,2023-03-04T03:02:46Z,DIAGNOSTICS_COMPLETE
2023-03-11T05:57:12Z,34,2023-03-09T06:23:32Z,DIAGNOSTICS_COMPLETE
2023-02-16T06:25:26Z,34,2023-03-13T06:49:23Z,SYSTEM_REBOOT
2023-02-08T20:46:32Z,34,2023-03-13T13:07:48Z,PLANNED_MAINTENANCE
2023-02-23T03:09:52Z,34,2023-03-13T14:52:19Z,SYSTEM_REBOOT
2023-02-11T03:21:08Z,34,2023-03-20T15:28:40Z,PLANNED_MAINTENANCE
2023-02-08T14:11:55Z,4,2023-02-01T09:50:18Z,SYSTEM_OVERLOAD
2023-02-04T19:46:21Z,4,2023-02-02T04:20:51Z,UNPLANNED_MAINTENANCE
2023-03-18T18:43:04Z,4,2023-02-03T11:49:45Z,SYSTEM_OVERLOAD
2023-02-20T15:35:50Z,4,2023-02-10T07:36:16Z,SYSTEM_REBOOT
2023-03-03T11:13:59Z,4,2023-02-13T13:50:35Z,PLANNED_MAINTENANCE
2023-03-10T06:02:10Z,4,2023-02-19T13:12:03Z,SYSTEM_REBOOT
2023-02-18T20:17:56Z,4,2023-02-26T09:39:37Z,SYSTEM_OVERLOAD
2023-02-09T11:36:58Z,4,2023-03-01T04:53:21Z,PLANNED_MAINTENANCE
2023-03-05T09:38:13Z,4,2023-03-02T20:14:11Z,SYSTEM_OVERLOAD
2023-03-03T16:10:05Z,4,2023-03-05T00:42:58Z,SYSTEM_OVERLOAD
2023-02-06T17:07:23Z,4,2023-03-17T02:26:02Z,SYSTEM_OVERLOAD
2023-03-13T14:48:18Z,4,2023-03-19T12:27:48Z,UNPLANNED_MAINTENANCE
2023-02-21T12:42:48Z,4,2023-03-20T05:21:22Z,SYSTEM_OVERLOAD
2023-03-12T07:01:54Z,39,2023-02-02T02:00:47Z,SYSTEM_OVERLOAD
2023-03-21T06:12:10Z,39,2023-02-05T13:50:04Z,SYSTEM_OVERLOAD
2023-03-01T03:55:28Z,39,2023-02-09T21:18:27Z,SYSTEM_OVERLOAD
2023-02-03T15:25:57Z,39,2023-02-10T20:28:57Z,PLANNED_MAINTENANCE
2023-03-19T16:50:29Z,39,2023-02-13T00:08:13Z,PLANNED_MAINTENANCE
2023-02-16T21:32:21Z,39,2023-02-17T23:14:49Z,SYSTEM_OVERLOAD
2023-03-17T12:00:50Z,39,2023-02-21T04:50:15Z,UNPLANNED_MAINTENANCE
2023-02-14T11:21:22Z,39,2023-02-21T21:41:55Z,PLANNED_MAINTENANCE
2023-03-15T12:23:06Z,39,2023-02-26T06:02:57Z,PLANNED_MAINTENANCE
2023-02-28T14:22:44Z,39,2023-03-09T11:46:20Z,PLANNED_MAINTENANCE
2023-03-13T12:14:18Z,39,2023-03-10T22:26:42Z,PLANNED_MAINTENANCE
2023-03-03T19:15:13Z,39,2023-03-10T22:59:28Z,SYSTEM_OVERLOAD
2023-02-24T09:37:51Z,39,2023-03-18T20:39:33Z,PLANNED_MAINTENANCE
2023-02-11T05:54:00Z,39,2023-03-21T20:43:26Z,SYSTEM_REBOOT
2023-03-19T04:22:29Z,58,2023-02-02T04:53:50Z,PLANNED_MAINTENANCE
2023-02-21T09:07:46Z,58,2023-02-06T03:50:50Z,SYSTEM_REBOOT
2023-02-25T16:28:22Z,58,2023-02-09T01:26:33Z,SYSTEM_REBOOT
2023-02-18T16:01:06Z,58,2023-02-09T06:46:14Z,SYSTEM_REBOOT
2023-03-08T18:53:44Z,58,2023-02-15T15:00:15Z,SYSTEM_OVERLOAD
2023-03-15T20:44:50Z,58,2023-02-21T19:47:59Z,DIAGNOSTICS_COMPLETE
2023-02-10T22:06:59Z,58,2023-02-24T17:44:37Z,SYSTEM_OVERLOAD
2023-02-17T22:54:08Z,58,2023-03-04T09:46:16Z,SYSTEM_OVERLOAD
2023-02-10T05:00:28Z,58,2023-03-05T04:09:39Z,PLANNED_MAINTENANCE
2023-03-10T03:28:04Z,58,2023-03-06T14:10:36Z,UNPLANNED_MAINTENANCE
2023-02-04T01:47:49Z,58,2023-03-06T14:54:36Z,SYSTEM_OVERLOAD
2023-03-04T19:10:25Z,58,2023-03-07T11:40:50Z,UNPLANNED_MAINTENANCE
2023-02-09T16:40:14Z,58,2023-03-10T07:45:27Z,PLANNED_MAINTENANCE
2023-02-03T15:56:13Z,58,2023-03-12T05:31:24Z,SYSTEM_REBOOT
2023-02-02T18:40:21Z,58,2023-03-12T17:21:50Z,UNPLANNED_MAINTENANCE
2023-03-10T18:46:57Z,58,2023-03-13T16:21:52Z,UNPLANNED_MAINTENANCE
2023-03-07T15:51:33Z,58,2023-03-14T23:42:41Z,PLANNED_MAINTENANCE
2023-03-18T21:36:53Z,58,2023-03-21T20:53:39Z,SYSTEM_OVERLOAD
2023-02-04T10:29:17Z,27,2023-02-02T03:13:51Z,DIAGNOSTICS_COMPLETE
2023-02-27T16:18:18Z,27,2023-02-05T06:06:00Z,UNPLANNED_MAINTENANCE
2023-02-08T10:43:01Z,27,2023-02-07T00:38:35Z,SYSTEM_OVERLOAD
2023-02-09T17:46:13Z,27,2023-02-09T16:42:10Z,SYSTEM_OVERLOAD
2023-03-15T17:57:48Z,27,2023-02-12T07:53:50Z,UNPLANNED_MAINTENANCE
2023-03-13T21:19:04Z,27,2023-02-13T07:19:05Z,PLANNED_MAINTENANCE
2023-02-14T13:11:45Z,27,2023-02-14T19:11:48Z,PLANNED_MAINTENANCE
2023-02-02T00:23:49Z,27,2023-02-15T22:35:07Z,PLANNED_MAINTENANCE
2023-02-21T20:55:14Z,27,2023-02-24T06:01:18Z,SYSTEM_REBOOT
2023-03-12T13:09:32Z,27,2023-02-24T12:41:38Z,DIAGNOSTICS_COMPLETE
2023-02-13T10:39:43Z,27,2023-02-27T13:45:41Z,PLANNED_MAINTENANCE
2023-02-28T04:48:34Z,27,2023-02-28T06:34:05Z,UNPLANNED_MAINTENANCE
2023-02-08T12:27:12Z,27,2023-03-03T00:08:35Z,PLANNED_MAINTENANCE
2023-02-23T17:39:34Z,27,2023-03-05T12:11:27Z,PLANNED_MAINTENANCE
2023-03-05T00:01:07Z,27,2023-03-14T13:50:52Z,SYSTEM_REBOOT
2023-02-09T14:37:02Z,69,2023-02-03T07:09:38Z,UNPLANNED_MAINTENANCE
2023-02-02T19:27:44Z,69,2023-02-03T14:46:46Z,SYSTEM_REBOOT
2023-02-11T05:37:25Z,69,2023-02-04T14:34:11Z,SYSTEM_OVERLOAD
2023-02-09T10:47:27Z,69,2023-02-05T15:07:31Z,SYSTEM_OVERLOAD
2023-02-12T23:26:13Z,69,2023-02-06T11:41:42Z,UNPLANNED_MAINTENANCE
2023-02-23T15:20:21Z,69,2023-02-06T21:39:29Z,DIAGNOSTICS_COMPLETE
2023-03-06T21:48:57Z,69,2023-02-08T06:17:19Z,PLANNED_MAINTENANCE
2023-02-21T18:20:09Z,69,2023-02-19T10:35:11Z,UNPLANNED_MAINTENANCE
2023-03-08T16:01:17Z,69,2023-02-19T12:07:11Z,PLANNED_MAINTENANCE
2023-02-13T07:07:03Z,69,2023-02-22T09:49:09Z,UNPLANNED_MAINTENANCE
2023-03-08T03:19:54Z,69,2023-02-25T03:12:07Z,SYSTEM_REBOOT
2023-03-17T04:24:28Z,69,2023-03-03T00:11:44Z,PLANNED_MAINTENANCE
2023-02-17T16:23:24Z,69,2023-03-03T20:02:28Z,SYSTEM_REBOOT
2023-02-03T04:42:56Z,69,2023-03-08T09:21:13Z,UNPLANNED_MAINTENANCE
2023-03-11T01:15:37Z,69,2023-03-11T00:33:36Z,SYSTEM_OVERLOAD
2023-02-25T17:10:19Z,69,2023-03-12T06:20:53Z,SYSTEM_REBOOT
2023-02-27T17:58:52Z,69,2023-03-13T09:54:59Z,PLANNED_MAINTENANCE
2023-03-18T10:02:24Z,69,2023-03-21T23:24:02Z,PLANNED_MAINTENANCE
2023-02-02T09:04:53Z,61,2023-02-04T02:53:35Z,UNPLANNED_MAINTENANCE
2023-03-13T03:39:58Z,61,2023-02-05T16:40:58Z,SYSTEM_OVERLOAD
2023-02-06T12:20:42Z,61,2023-02-08T01:06:20Z,DIAGNOSTICS_COMPLETE
2023-03-13T15:07:50Z,61,2023-02-17T08:31:52Z,PLANNED_MAINTENANCE
2023-03-08T09:34:19Z,61,2023-02-19T20:30:12Z,SYSTEM_REBOOT
2023-02-04T12:06:37Z,61,2023-02-20T12:20:13Z,UNPLANNED_MAINTENANCE
2023-03-15T02:56:25Z,61,2023-03-02T07:16:03Z,SYSTEM_REBOOT
2023-02-26T13:20:05Z,61,2023-03-03T02:38:43Z,SYSTEM_OVERLOAD
2023-02-27T14:23:39Z,61,2023-03-03T02:52:59Z,SYSTEM_REBOOT
2023-03-14T09:26:57Z,61,2023-03-15T15:53:58Z,SYSTEM_REBOOT
2023-02-27T16:16:06Z,61,2023-03-18T03:27:53Z,UNPLANNED_MAINTENANCE
2023-02-11T10:00:05Z,61,2023-03-20T21:54:01Z,PLANNED_MAINTENANCE
2023-03-08T15:17:20Z,6,2023-02-03T07:20:28Z,PLANNED_MAINTENANCE
2023-03-15T09:08:17Z,6,2023-02-04T14:30:05Z,DIAGNOSTICS_COMPLETE
2023-02-03T18:22:33Z,6,2023-02-04T21:15:45Z,PLANNED_MAINTENANCE
2023-02-16T08:26:47Z,6,2023-02-06T14:44:33Z,PLANNED_MAINTENANCE
2023-02-25T13:20:35Z,6,2023-02-08T04:49:51Z,DIAGNOSTICS_COMPLETE
2023-02-16T20:28:12Z,6,2023-02-14T04:24:09Z,SYSTEM_REBOOT
2023-03-07T21:21:00Z,6,2023-02-16T17:01:04Z,DIAGNOSTICS_COMPLETE
2023-03-20T18:29:25Z,6,2023-02-17T23:39:54Z,PLANNED_MAINTENANCE
2023-03-18T16:22:13Z,6,2023-03-01T10:34:14Z,SYSTEM_REBOOT
2023-03-10T10:45:30Z,6,2023-03-04T02:37:26Z,SYSTEM_OVERLOAD
2023-02-21T01:51:52Z,6,2023-03-08T02:33:11Z,SYSTEM_REBOOT
2023-02-08T17:29:04Z,6,2023-03-08T17:50:12Z,DIAGNOSTICS_COMPLETE
2023-02-09T09:15:17Z,6,2023-03-09T10:39:15Z,UNPLANNED_MAINTENANCE
2023-02-07T06:53:45Z,6,2023-03-13T14:47:20Z,SYSTEM_REBOOT
2023-03-08T04:17:37Z,6,2023-03-13T20:06:10Z,DIAGNOSTICS_COMPLETE
2023-02-05T04:56:09Z,6,2023-03-15T01:21:47Z,PLANNED_MAINTENANCE
2023-03-14T11:47:48Z,38,2023-02-07T19:50:42Z,SYSTEM_REBOOT
2023-02-22T22:13:28Z,38,2023-02-10T19:54:08Z,SYSTEM_REBOOT
2023-02-16T12:06:12Z,38,2023-02-11T14:41:37Z,DIAGNOSTICS_COMPLETE
2023-02-18T04:01:52Z,38,2023-02-13T11:05:04Z,SYSTEM_REBOOT
2023-02-17T20:00:34Z,38,2023-02-24T11:31:41Z,PLANNED_MAINTENANCE
2023-02-06T22:18:42Z,38,2023-02-25T12:42:17Z,PLANNED_MAINTENANCE
2023-02-18T14:20:29Z,38,2023-03-02T01:13:13Z,UNPLANNED_MAINTENANCE
2023-02-11T02:02:20Z,38,2023-03-10T08:43:33Z,SYSTEM_OVERLOAD
2023-03-13T23:34:58Z,38,2023-03-10T10:12:14Z,SYSTEM_OVERLOAD
2023-02-15T00:45:54Z,38,2023-03-15T11:46:43Z,SYSTEM_REBOOT
2023-02-28T23:50:54Z,38,2023-03-21T14:28:27Z,PLANNED_MAINTENANCE
2023-03-02T05:12:55Z,11,2023-02-08T09:59:05Z,PLANNED_MAINTENANCE
2023-02-24T02:58:58Z,11,2023-02-11T11:35:11Z,DIAGNOSTICS_COMPLETE
2023-03-17T05:32:29Z,11,2023-02-13T21:29:00Z,DIAGNOSTICS_COMPLETE
2023-03-05T12:25:12Z,11,2023-02-21T14:22:43Z,PLANNED_MAINTENANCE
2023-02-22T14:26:27Z,11,2023-02-25T10:19:09Z,DIAGNOSTICS_COMPLETE
2023-02-25T08:26:57Z,11,2023-02-25T23:55:03Z,DIAGNOSTICS_COMPLETE
2023-03-01T02:35:00Z,11,2023-02-28T17:58:37Z,SYSTEM_REBOOT
2023-02-24T10:13:50Z,11,2023-03-01T04:44:12Z,SYSTEM_REBOOT
2023-03-13T00:15:57Z,11,2023-03-01T09:31:19Z,UNPLANNED_MAINTENANCE
2023-03-01T19:40:01Z,11,2023-03-04T20:18:27Z,PLANNED_MAINTENANCE
2023-03-04T23:43:25Z,11,2023-03-07T08:23:31Z,SYSTEM_OVERLOAD
2023-02-18T10:23:45Z,11,2023-03-07T13:21:20Z,PLANNED_MAINTENANCE
2023-03-02T01:06:41Z,11,2023-03-07T19:27:03Z,SYSTEM_REBOOT
2023-02-19T15:05:43Z,11,2023-03-09T01:58:26Z,PLANNED_MAINTENANCE
2023-03-10T09:18:10Z,11,2023-03-11T18:49:03Z,SYSTEM_REBOOT
2023-02-06T22:41:49Z,11,2023-03-16T17:54:20Z,SYSTEM_OVERLOAD
2023-03-05T00:05:58Z,11,2023-03-18T06:20:11Z,SYSTEM_OVERLOAD
2023-03-14T23:02:48Z,11,2023-03-20T10:46:38Z,DIAGNOSTICS_COMPLETE
2023-03-10T21:31:24Z,11,2023-03-21T06:22:10Z,PLANNED_MAINTENANCE
2023-03-20T22:59:10Z,29,2023-02-03T20:02:18Z,SYSTEM_REBOOT
2023-03-09T16:39:08Z,29,2023-02-05T11:08:26Z,UNPLANNED_MAINTENANCE
2023-02-17T07:14:04Z,29,2023-02-06T08:08:02Z,SYSTEM_REBOOT
2023-03-02T18:00:19Z,29,2023-02-09T00:14:14Z,SYSTEM_REBOOT
2023-02-21T02:29:58Z,29,2023-02-09T01:20:06Z,PLANNED_MAINTENANCE
2023-03-10T12:05:57Z,29,2023-02-11T08:37:39Z,SYSTEM_OVERLOAD
2023-03-18T10:54:17Z,29,2023-02-14T16:37:21Z,SYSTEM_OVERLOAD
2023-02-12T03:45:45Z,29,2023-02-15T00:58:05Z,SYSTEM_OVERLOAD
2023-02-26T17:13:52Z,29,2023-02-16T14:13:12Z,PLANNED_MAINTENANCE
2023-02-24T16:08:39Z,29,2023-02-18T11:21:50Z,UNPLANNED_MAINTENANCE
2023-02-08T01:46:41Z,29,2023-02-19T16:41:29Z,DIAGNOSTICS_COMPLETE
2023-03-16T06:02:38Z,29,2023-02-20T06:36:43Z,SYSTEM_OVERLOAD
2023-02-04T09:56:02Z,29,2023-03-01T04:18:39Z,PLANNED_MAINTENANCE
2023-02-26T15:06:36Z,29,2023-03-05T06:56:43Z,SYSTEM_REBOOT
2023-02-08T17:57:46Z,29,2023-03-06T17:36:28Z,PLANNED_MAINTENANCE
2023-03-11T12:05:58Z,29,2023-03-14T08:17:37Z,PLANNED_MAINTENANCE
2023-03-02T03:57:11Z,29,2023-03-15T13:15:07Z,DIAGNOSTICS_COMPLETE
2023-02-18T17:14:06Z,29,2023-03-20T07:46:51Z,SYSTEM_OVERLOAD
2023-03-19T04:34:17Z,31,2023-02-01T10:11:50Z,DIAGNOSTICS_COMPLETE
2023-03-16T10:42:07Z,31,2023-02-03T13:00:36Z,SYSTEM_OVERLOAD
2023-03-12T22:24:16Z,31,2023-02-03T15:00:22Z,DIAGNOSTICS_COMPLETE
2023-02-06T13:27:39Z,31,2023-02-06T14:32:29Z,SYSTEM_REBOOT
2023-02-07T19:10:28Z,31,2023-02-17T03:39:26Z,UNPLANNED_MAINTENANCE
2023-03-12T05:06:51Z,31,2023-02-19T00:23:01Z,UNPLANNED_MAINTENANCE
2023-02-10T09:53:26Z,31,2023-02-22T13:34:57Z,SYSTEM_REBOOT
2023-02-05T11:37:17Z,31,2023-02-22T15:44:43Z,SYSTEM_REBOOT
2023-03-09T16:01:46Z,31,2023-03-03T00:41:12Z,SYSTEM_REBOOT
2023-02-24T01:22:17Z,31,2023-03-04T17:19:56Z,SYSTEM_OVERLOAD
2023-02-25T23:41:59Z,31,2023-03-09T12:58:01Z,SYSTEM_REBOOT
2023-03-02T21:04:56Z,31,2023-03-19T07:54:48Z,SYSTEM_OVERLOAD
2023-03-14T21:39:43Z,9,2023-02-06T23:07:12Z,DIAGNOSTICS_COMPLETE
2023-02-14T21:01:04Z,9,2023-02-14T05:24:18Z,SYSTEM_REBOOT
2023-02-12T19:32:39Z,9,2023-02-15T14:13:00Z,DIAGNOSTICS_COMPLETE
2023-02-18T09:17:03Z,9,2023-02-19T01:03:17Z,DIAGNOSTICS_COMPLETE
2023-02-13T04:16:00Z,9,2023-02-21T21:19:56Z,SYSTEM_REBOOT
2023-02-15T23:24:03Z,9,2023-02-28T11:49:41Z,SYSTEM_REBOOT
2023-03-11T03:17:03Z,9,2023-03-07T12:27:46Z,SYSTEM_OVERLOAD
2023-03-18T07:17:08Z,9,2023-03-09T22:43:32Z,DIAGNOSTICS_COMPLETE
2023-02-03T12:06:58Z,9,2023-03-10T22:47:59Z,SYSTEM_OVERLOAD
2023-02-21T14:29:30Z,9,2023-03-12T05:20:21Z,PLANNED_MAINTENANCE
2023-02-21T20:11:52Z,9,2023-03-15T10:33:10Z,DIAGNOSTICS_COMPLETE
2023-02-11T02:17:11Z,9,2023-03-17T07:10:09Z,SYSTEM_REBOOT
2023-02-26T09:22:40Z,26,2023-02-03T21:19:50Z,SYSTEM_REBOOT
2023-02-05T07:10:46Z,26,2023-02-06T22:47:18Z,PLANNED_MAINTENANCE
2023-02-17T00:23:44Z,26,2023-02-08T09:03:51Z,SYSTEM_REBOOT
2023-02-17T12:49:06Z,26,2023-02-08T20:28:51Z,PLANNED_MAINTENANCE
2023-03-07T02:57:09Z,26,2023-02-09T08:22:10Z,SYSTEM_REBOOT
2023-03-01T22:40:05Z,26,2023-02-27T20:16:48Z,SYSTEM_REBOOT
2023-02-16T09:43:16Z,26,2023-03-01T19:40:27Z,SYSTEM_REBOOT
2023-03-06T14:23:07Z,26,2023-03-06T15:07:28Z,DIAGNOSTICS_COMPLETE
2023-03-06T09:50:07Z,26,2023-03-06T22:15:27Z,PLANNED_MAINTENANCE
2023-03-02T23:52:15Z,26,2023-03-08T20:48:42Z,DIAGNOSTICS_COMPLETE
2023-02-05T13:22:00Z,26,2023-03-17T18:36:03Z,DIAGNOSTICS_COMPLETE
2023-03-13T04:01:49Z,51,2023-02-06T00:28:15Z,SYSTEM_OVERLOAD
2023-03-14T04:51:49Z,51,2023-02-07T01:58:10Z,SYSTEM_REBOOT
2023-02-26T02:02:08Z,51,2023-02-12T01:33:22Z,DIAGNOSTICS_COMPLETE
2023-03-12T17:07:31Z,51,2023-02-20T08:36:37Z,UNPLANNED_MAINTENANCE
2023-02-27T08:56:20Z,51,2023-02-21T02:52:31Z,SYSTEM_REBOOT
2023-02-01T13:21:48Z,51,2023-02-21T10:01:07Z,SYSTEM_OVERLOAD
2023-02-13T10:09:50Z,51,2023-02-27T09:13:59Z,DIAGNOSTICS_COMPLETE
2023-02-07T13:07:59Z,51,2023-03-07T17:33:27Z,UNPLANNED_MAINTENANCE
2023-03-08T01:22:54Z,51,2023-03-09T15:32:31Z,SYSTEM_OVERLOAD
2023-03-06T22:07:39Z,51,2023-03-10T21:36:21Z,UNPLANNED_MAINTENANCE
2023-02-09T15:19:59Z,40,2023-02-02T22:17:23Z,DIAGNOSTICS_COMPLETE
2023-03-13T00:19:31Z,40,2023-02-04T05:08:12Z,SYSTEM_OVERLOAD
2023-03-13T23:45:01Z,40,2023-02-05T05:40:56Z,PLANNED_MAINTENANCE
2023-02-16T14:41:27Z,40,2023-02-07T06:41:40Z,SYSTEM_REBOOT
2023-02-14T00:26:24Z,40,2023-02-13T06:06:53Z,UNPLANNED_MAINTENANCE
2023-02-25T18:07:38Z,40,2023-02-13T22:44:57Z,SYSTEM_OVERLOAD
2023-02-05T23:56:01Z,40,2023-02-15T17:41:02Z,SYSTEM_REBOOT
2023-02-11T00:28:42Z,40,2023-02-19T04:27:26Z,PLANNED_MAINTENANCE
2023-03-22T16:55:20Z,40,2023-02-24T18:24:29Z,DIAGNOSTICS_COMPLETE
2023-03-02T16:16:28Z,40,2023-03-01T07:11:03Z,DIAGNOSTICS_COMPLETE
2023-03-01T14:47:44Z,40,2023-03-03T18:22:59Z,DIAGNOSTICS_COMPLETE
2023-03-14T05:20:56Z,40,2023-03-06T20:35:57Z,UNPLANNED_MAINTENANCE
2023-03-06T11:53:40Z,40,2023-03-12T18:37:12Z,UNPLANNED_MAINTENANCE
2023-02-28T02:40:37Z,40,2023-03-14T11:23:28Z,DIAGNOSTICS_COMPLETE
2023-03-14T18:20:59Z,66,2023-02-01T22:41:03Z,SYSTEM_REBOOT
2023-03-08T18:10:51Z,66,2023-02-02T19:36:15Z,DIAGNOSTICS_COMPLETE
2023-03-21T14:49:36Z,66,2023-02-02T23:56:37Z,UNPLANNED_MAINTENANCE
2023-03-02T20:16:46Z,66,2023-02-11T11:17:27Z,DIAGNOSTICS_COMPLETE
2023-03-06T04:22:36Z,66,2023-02-16T20:56:20Z,SYSTEM_REBOOT
2023-02-15T21:06:03Z,66,2023-02-17T11:56:18Z,UNPLANNED_MAINTENANCE
2023-03-01T15:12:14Z,66,2023-02-19T01:43:37Z,SYSTEM_REBOOT
2023-02-05T17:15:18Z,66,2023-02-19T10:57:46Z,SYSTEM_OVERLOAD
2023-03-13T14:43:25Z,66,2023-02-21T22:38:03Z,UNPLANNED_MAINTENANCE
2023-03-19T23:24:42Z,66,2023-02-23T11:12:02Z,DIAGNOSTICS_COMPLETE
2023-03-05T00:33:19Z,66,2023-02-28T07:13:49Z,SYSTEM_REBOOT
2023-03-15T23:06:39Z,66,2023-03-01T12:24:58Z,UNPLANNED_MAINTENANCE
2023-02-02T22:37:28Z,66,2023-03-04T23:28:46Z,DIAGNOSTICS_COMPLETE
2023-03-19T16:29:04Z,66,2023-03-07T02:11:49Z,DIAGNOSTICS_COMPLETE
2023-02-01T15:22:46Z,66,2023-03-09T23:15:05Z,UNPLANNED_MAINTENANCE
2023-02-01T22:59:42Z,66,2023-03-12T11:21:47Z,SYSTEM_REBOOT
2023-03-04T20:24:37Z,66,2023-03-18T18:11:07Z,UNPLANNED_MAINTENANCE
2023-02-24T12:56:14Z,66,2023-03-18T21:09:26Z,SYSTEM_REBOOT
2023-02-05T12:01:25Z,66,2023-03-18T22:07:09Z,DIAGNOSTICS_COMPLETE
2023-02-06T15:46:27Z,19,2023-02-05T18:51:40Z,PLANNED_MAINTENANCE
2023-03-20T18:54:59Z,19,2023-02-10T11:27:03Z,UNPLANNED_MAINTENANCE
2023-03-04T20:37:44Z,19,2023-02-12T16:31:59Z,SYSTEM_REBOOT
2023-02-21T23:07:47Z,19,2023-02-15T06:11:40Z,DIAGNOSTICS_COMPLETE
2023-02-09T06:13:09Z,19,2023-02-18T21:42:10Z,PLANNED_MAINTENANCE
2023-02-26T12:18:20Z,19,2023-03-03T07:43:13Z,PLANNED_MAINTENANCE
2023-03-15T12:15:17Z,19,2023-03-05T03:54:41Z,DIAGNOSTICS_COMPLETE
2023-03-22T20:39:50Z,19,2023-03-08T07:44:05Z,DIAGNOSTICS_COMPLETE
2023-03-01T05:01:26Z,19,2023-03-14T21:31:50Z,SYSTEM_REBOOT
2023-03-12T17:30:45Z,19,2023-03-15T09:07:24Z,SYSTEM_OVERLOAD
2023-03-22T20:04:22Z,19,2023-03-15T16:49:16Z,PLANNED_MAINTENANCE
2023-03-20T06:26:59Z,19,2023-03-17T07:37:31Z,SYSTEM_OVERLOAD
2023-02-19T06:57:31Z,19,2023-03-19T01:18:51Z,UNPLANNED_MAINTENANCE
2023-02-04T13:31:14Z,19,2023-03-19T08:13:15Z,DIAGNOSTICS_COMPLETE
2023-02-27T08:09:01Z,19,2023-03-21T18:05:35Z,PLANNED_MAINTENANCE
2023-03-10T07:50:47Z,76,2023-02-02T16:30:09Z,UNPLANNED_MAINTENANCE
2023-03-09T05:57:11Z,76,2023-02-02T23:29:09Z,SYSTEM_OVERLOAD
2023-02-26T04:24:32Z,76,2023-02-06T01:25:53Z,SYSTEM_REBOOT
2023-02-09T05:32:28Z,76,2023-02-07T18:10:39Z,SYSTEM_OVERLOAD
2023-03-04T17:14:06Z,76,2023-02-08T02:20:34Z,SYSTEM_REBOOT
2023-03-04T16:29:20Z,76,2023-02-14T15:32:15Z,SYSTEM_OVERLOAD
2023-03-11T04:57:23Z,76,2023-02-19T17:49:03Z,DIAGNOSTICS_COMPLETE
2023-02-27T05:47:58Z,76,2023-02-23T18:30:37Z,PLANNED_MAINTENANCE
2023-02-16T19:23:34Z,76,2023-02-26T22:00:05Z,DIAGNOSTICS_COMPLETE
2023-03-08T19:10:01Z,76,2023-02-27T11:06:40Z,DIAGNOSTICS_COMPLETE
2023-02-06T16:04:22Z,76,2023-02-28T04:58:05Z,DIAGNOSTICS_COMPLETE
2023-03-01T02:22:14Z,76,2023-03-01T06:45:17Z,SYSTEM_OVERLOAD
2023-02-22T11:25:54Z,76,2023-03-04T05:37:25Z,SYSTEM_OVERLOAD
2023-03-12T07:45:52Z,76,2023-03-10T19:42:53Z,UNPLANNED_MAINTENANCE
2023-03-09T21:32:53Z,76,2023-03-11T10:12:36Z,DIAGNOSTICS_COMPLETE
2023-02-17T19:01:02Z,76,2023-03-15T16:35:59Z,DIAGNOSTICS_COMPLETE
2023-02-06T18:44:23Z,25,2023-02-01T23:52:42Z,SYSTEM_REBOOT
2023-02-17T10:38:29Z,25,2023-02-07T17:15:23Z,SYSTEM_OVERLOAD
2023-02-15T07:10:04Z,25,2023-02-09T09:32:36Z,PLANNED_MAINTENANCE
2023-03-19T13:37:31Z,25,2023-02-09T16:08:10Z,UNPLANNED_MAINTENANCE
2023-02-04T05:30:53Z,25,2023-02-11T23:57:40Z,SYSTEM_REBOOT
2023-03-01T05:41:59Z,25,2023-02-12T07:45:26Z,SYSTEM_REBOOT
2023-02-03T00:50:59Z,25,2023-02-12T13:45:55Z,SYSTEM_OVERLOAD
2023-02-16T05:58:08Z,25,2023-02-14T08:21:36Z,SYSTEM_OVERLOAD
2023-02-06T02:06:10Z,25,2023-02-15T00:10:38Z,SYSTEM_REBOOT
2023-03-15T10:57:01Z,25,2023-02-18T15:44:45Z,UNPLANNED_MAINTENANCE
2023-02-12T11:40:00Z,25,2023-03-01T01:29:08Z,UNPLANNED_MAINTENANCE
2023-02-28T08:37:31Z,25,2023-03-01T23:33:27Z,SYSTEM_OVERLOAD
2023-02-26T19:09:19Z,25,2023-03-04T13:54:18Z,SYSTEM_OVERLOAD
2023-02-11T17:15:37Z,25,2023-03-04T22:05:14Z,DIAGNOSTICS_COMPLETE
2023-02-28T01:55:40Z,25,2023-03-17T21:53:31Z,UNPLANNED_MAINTENANCE
2023-02-22T19:34:25Z,25,2023-03-18T22:53:51Z,SYSTEM_OVERLOAD
2023-02-26T03:39:40Z,25,2023-03-19T04:08:41Z,PLANNED_MAINTENANCE
2023-02-14T04:51:12Z,28,2023-02-02T02:11:47Z,UNPLANNED_MAINTENANCE
2023-02-13T06:03:02Z,28,2023-02-02T16:05:22Z,UNPLANNED_MAINTENANCE
2023-02-25T21:17:22Z,28,2023-02-10T00:28:38Z,SYSTEM_OVERLOAD
2023-02-09T21:36:17Z,28,2023-02-11T19:21:42Z,UNPLANNED_MAINTENANCE
2023-02-27T16:22:28Z,28,2023-02-18T18:58:10Z,SYSTEM_OVERLOAD
2023-03-08T00:05:01Z,28,2023-02-21T08:17:30Z,PLANNED_MAINTENANCE
2023-02-14T08:34:53Z,28,2023-02-27T03:12:11Z,PLANNED_MAINTENANCE
2023-02-21T22:17:30Z,28,2023-03-04T20:54:17Z,PLANNED_MAINTENANCE
2023-02-03T14:42:58Z,28,2023-03-07T15:05:09Z,SYSTEM_OVERLOAD
2023-03-14T09:25:25Z,28,2023-03-19T06:51:54Z,DIAGNOSTICS_COMPLETE
2023-02-23T05:01:32Z,8,2023-02-01T08:27:55Z,SYSTEM_REBOOT
2023-02-02T19:31:14Z,8,2023-02-04T02:50:04Z,DIAGNOSTICS_COMPLETE
2023-02-12T02:57:30Z,8,2023-02-05T16:29:39Z,UNPLANNED_MAINTENANCE
2023-03-18T04:44:21Z,8,2023-02-08T00:09:27Z,DIAGNOSTICS_COMPLETE
2023-02-12T04:35:33Z,8,2023-02-08T19:59:13Z,PLANNED_MAINTENANCE
2023-02-28T18:28:18Z,8,2023-02-09T00:52:05Z,SYSTEM_OVERLOAD
2023-02-25T14:04:26Z,8,2023-02-14T20:08:41Z,PLANNED_MAINTENANCE
2023-02-23T15:50:20Z,8,2023-02-18T02:07:31Z,DIAGNOSTICS_COMPLETE
2023-02-04T23:44:48Z,8,2023-02-23T05:28:23Z,PLANNED_MAINTENANCE
2023-03-11T19:07:46Z,8,2023-02-24T03:18:00Z,SYSTEM_REBOOT
2023-03-17T09:14:19Z,8,2023-02-28T15:27:35Z,UNPLANNED_MAINTENANCE
2023-03-01T03:44:53Z,8,2023-02-28T22:43:12Z,SYSTEM_OVERLOAD
2023-02-02T09:42:36Z,8,2023-03-02T23:39:02Z,SYSTEM_OVERLOAD
2023-03-20T00:54:46Z,8,2023-03-07T23:07:10Z,UNPLANNED_MAINTENANCE
2023-02-18T22:56:40Z,8,2023-03-09T19:33:52Z,UNPLANNED_MAINTENANCE
2023-03-05T04:34:09Z,8,2023-03-12T05:32:23Z,PLANNED_MAINTENANCE
2023-03-16T12:23:37Z,8,2023-03-16T17:46:53Z,UNPLANNED_MAINTENANCE
2023-03-11T12:23:44Z,8,2023-03-18T20:19:45Z,DIAGNOSTICS_COMPLETE
2023-03-10T02:30:09Z,8,2023-03-21T05:59:48Z,PLANNED_MAINTENANCE
2023-02-02T02:30:49Z,17,2023-02-01T17:18:23Z,PLANNED_MAINTENANCE
2023-03-21T13:42:14Z,17,2023-02-16T15:26:56Z,UNPLANNED_MAINTENANCE
2023-03-17T13:32:45Z,17,2023-02-18T00:07:14Z,UNPLANNED_MAINTENANCE
2023-02-03T12:48:04Z,17,2023-02-19T02:08:42Z,DIAGNOSTICS_COMPLETE
2023-02-05T03:22:33Z,17,2023-02-26T18:09:49Z,PLANNED_MAINTENANCE
2023-02-03T15:27:40Z,17,2023-02-28T13:16:33Z,PLANNED_MAINTENANCE
2023-02-21T03:07:25Z,17,2023-03-02T14:42:20Z,DIAGNOSTICS_COMPLETE
2023-03-04T10:07:28Z,17,2023-03-04T01:26:14Z,PLANNED_MAINTENANCE
2023-02-07T14:41:19Z,17,2023-03-09T06:47:06Z,UNPLANNED_MAINTENANCE
2023-03-11T12:49:51Z,17,2023-03-09T15:47:43Z,PLANNED_MAINTENANCE
2023-02-20T01:45:31Z,17,2023-03-13T02:21:48Z,SYSTEM_OVERLOAD
2023-02-22T09:52:38Z,17,2023-03-14T18:05:56Z,SYSTEM_OVERLOAD
2023-02-22T06:24:21Z,17,2023-03-18T18:20:44Z,SYSTEM_OVERLOAD
2023-02-28T17:13:36Z,17,2023-03-19T12:15:27Z,SYSTEM_REBOOT
2023-02-10T17:46:38Z,17,2023-03-21T00:35:55Z,PLANNED_MAINTENANCE
2023-03-12T17:53:57Z,17,2023-03-21T02:41:48Z,UNPLANNED_MAINTENANCE
2023-02-23T19:01:47Z,70,2023-02-10T07:59:28Z,PLANNED_MAINTENANCE
2023-02-24T05:58:33Z,70,2023-02-11T05:18:27Z,UNPLANNED_MAINTENANCE
2023-03-17T19:29:55Z,70,2023-02-11T17:42:59Z,PLANNED_MAINTENANCE
2023-03-10T12:55:35Z,70,2023-02-13T00:49:05Z,DIAGNOSTICS_COMPLETE
2023-03-10T21:28:18Z,70,2023-02-15T01:16:39Z,DIAGNOSTICS_COMPLETE
2023-02-02T07:52:58Z,70,2023-02-17T08:01:57Z,UNPLANNED_MAINTENANCE
2023-03-21T02:13:42Z,70,2023-02-20T01:15:43Z,SYSTEM_OVERLOAD
2023-03-06T23:51:19Z,70,2023-02-23T22:01:15Z,UNPLANNED_MAINTENANCE
2023-02-25T03:53:41Z,70,2023-02-24T09:24:23Z,SYSTEM_REBOOT
2023-02-19T23:48:15Z,70,2023-02-25T19:35:08Z,PLANNED_MAINTENANCE
2023-02-21T20:39:12Z,70,2023-02-27T10:49:02Z,PLANNED_MAINTENANCE
2023-02-18T18:36:19Z,70,2023-03-12T08:00:18Z,DIAGNOSTICS_COMPLETE
2023-03-02T17:36:39Z,70,2023-03-19T00:03:39Z,SYSTEM_REBOOT
2023-02-28T16:26:22Z,70,2023-03-22T01:17:52Z,PLANNED_MAINTENANCE
2023-03-10T15:27:51Z,3,2023-02-03T15:09:06Z,UNPLANNED_MAINTENANCE
2023-02-15T23:33:51Z,3,2023-02-09T22:01:32Z,PLANNED_MAINTENANCE
2023-03-17T05:24:40Z,3,2023-02-12T23:44:58Z,UNPLANNED_MAINTENANCE
2023-03-17T05:23:49Z,3,2023-02-14T14:34:45Z,UNPLANNED_MAINTENANCE
2023-02-26T20:47:03Z,3,2023-02-19T04:14:30Z,PLANNED_MAINTENANCE
2023-02-06T09:46:24Z,3,2023-02-21T00:41:25Z,DIAGNOSTICS_COMPLETE
2023-03-08T01:18:22Z,3,2023-03-01T15:04:12Z,PLANNED_MAINTENANCE
2023-02-07T17:09:21Z,3,2023-03-03T16:42:53Z,DIAGNOSTICS_COMPLETE
2023-03-21T09:17:28Z,3,2023-03-06T03:00:39Z,UNPLANNED_MAINTENANCE
2023-02-26T10:57:17Z,3,2023-03-14T12:05:23Z,SYSTEM_REBOOT
2023-03-02T01:03:03Z,3,2023-03-18T13:41:05Z,PLANNED_MAINTENANCE
2023-03-14T13:56:18Z,15,2023-02-02T21:55:52Z,SYSTEM_OVERLOAD
2023-02-13T23:51:37Z,15,2023-02-16T17:20:18Z,PLANNED_MAINTENANCE
2023-03-03T19:15:10Z,15,2023-02-25T12:03:10Z,PLANNED_MAINTENANCE
2023-03-01T14:15:36Z,15,2023-03-02T05:04:11Z,DIAGNOSTICS_COMPLETE
2023-03-10T15:24:00Z,15,2023-03-02T21:44:13Z,DIAGNOSTICS_COMPLETE
2023-03-11T16:57:41Z,15,2023-03-03T16:42:04Z,SYSTEM_OVERLOAD
2023-02-22T02:32:41Z,15,2023-03-04T11:22:12Z,SYSTEM_OVERLOAD
2023-03-15T00:48:09Z,15,2023-03-08T12:00:31Z,UNPLANNED_MAINTENANCE
2023-02-13T01:41:11Z,15,2023-03-10T12:37:20Z,PLANNED_MAINTENANCE
2023-02-01T21:29:16Z,15,2023-03-11T21:59:55Z,DIAGNOSTICS_COMPLETE
2023-03-19T04:22:21Z,15,2023-03-11T23:36:08Z,DIAGNOSTICS_COMPLETE
2023-02-23T18:17:56Z,15,2023-03-21T20:17:08Z,PLANNED_MAINTENANCE
2023-03-09T22:18:02Z,36,2023-02-03T22:37:11Z,DIAGNOSTICS_COMPLETE
2023-02-25T23:18:28Z,36,2023-02-06T21:07:30Z,PLANNED_MAINTENANCE
2023-02-06T16:20:54Z,36,2023-02-11T08:59:47Z,PLANNED_MAINTENANCE
2023-02-10T13:54:19Z,36,2023-02-13T11:55:37Z,DIAGNOSTICS_COMPLETE
2023-03-17T12:28:23Z,36,2023-02-15T05:33:02Z,PLANNED_MAINTENANCE
2023-03-04T10:27:49Z,36,2023-02-16T02:09:52Z,SYSTEM_REBOOT
2023-03-20T07:57:04Z,36,2023-02-19T19:08:12Z,SYSTEM_OVERLOAD
2023-02-14T03:22:57Z,36,2023-02-21T11:38:22Z,SYSTEM_OVERLOAD
2023-02-28T00:59:49Z,36,2023-02-26T06:31:32Z,SYSTEM_OVERLOAD
2023-03-02T02:23:21Z,36,2023-02-27T18:49:56Z,PLANNED_MAINTENANCE
2023-03-18T11:36:31Z,36,2023-02-28T05:27:16Z,DIAGNOSTICS_COMPLETE
2023-03-15T05:41:56Z,36,2023-03-01T22:56:17Z,DIAGNOSTICS_COMPLETE
2023-03-12T05:22:31Z,36,2023-03-04T10:23:37Z,SYSTEM_REBOOT
2023-03-16T08:53:28Z,36,2023-03-06T11:19:18Z,SYSTEM_REBOOT
2023-03-19T04:33:07Z,36,2023-03-08T07:02:23Z,DIAGNOSTICS_COMPLETE
2023-03-01T17:46:15Z,36,2023-03-10T22:56:17Z,DIAGNOSTICS_COMPLETE
2023-03-04T10:00:50Z,36,2023-03-11T03:11:44Z,UNPLANNED_MAINTENANCE
2023-03-10T08:39:28Z,36,2023-03-14T13:29:23Z,PLANNED_MAINTENANCE
2023-02-02T08:27:14Z,36,2023-03-19T13:17:48Z,PLANNED_MAINTENANCE
2023-02-19T16:34:31Z,36,2023-03-20T02:30:44Z,SYSTEM_OVERLOAD
2023-02-09T21:37:35Z,63,2023-02-07T07:59:21Z,UNPLANNED_MAINTENANCE
2023-03-01T00:35:40Z,63,2023-02-09T09:18:59Z,PLANNED_MAINTENANCE
2023-03-15T11:43:00Z,63,2023-02-14T06:32:54Z,SYSTEM_REBOOT
2023-02-22T16:41:48Z,63,2023-02-19T03:46:43Z,UNPLANNED_MAINTENANCE
2023-02-03T10:29:16Z,63,2023-03-01T10:08:48Z,UNPLANNED_MAINTENANCE
2023-02-09T17:13:32Z,63,2023-03-04T04:25:43Z,SYSTEM_OVERLOAD
2023-03-01T06:01:13Z,63,2023-03-04T19:14:07Z,UNPLANNED_MAINTENANCE
2023-03-03T03:49:45Z,63,2023-03-14T00:45:05Z,SYSTEM_REBOOT
2023-02-27T22:24:11Z,63,2023-03-17T18:55:40Z,SYSTEM_OVERLOAD
2023-02-07T11:21:27Z,63,2023-03-20T14:53:49Z,UNPLANNED_MAINTENANCE
2023-02-28T23:18:44Z,60,2023-02-08T23:22:03Z,PLANNED_MAINTENANCE
2023-02-04T18:04:00Z,60,2023-02-09T04:14:12Z,SYSTEM_REBOOT
2023-02-27T09:19:29Z,60,2023-02-12T05:51:02Z,PLANNED_MAINTENANCE
2023-02-11T02:01:23Z,60,2023-02-13T08:01:01Z,PLANNED_MAINTENANCE
2023-03-05T07:23:31Z,60,2023-02-18T23:25:29Z,SYSTEM_OVERLOAD
2023-03-22T12:58:36Z,60,2023-02-21T16:44:06Z,UNPLANNED_MAINTENANCE
2023-02-25T21:36:50Z,60,2023-02-22T13:46:04Z,DIAGNOSTICS_COMPLETE
2023-03-17T09:27:28Z,60,2023-02-22T19:47:45Z,DIAGNOSTICS_COMPLETE
2023-02-16T11:12:14Z,60,2023-02-24T12:56:07Z,UNPLANNED_MAINTENANCE
2023-03-16T00:04:05Z,60,2023-02-24T15:24:43Z,PLANNED_MAINTENANCE
2023-02-13T05:47:01Z,60,2023-02-27T01:04:46Z,PLANNED_MAINTENANCE
2023-02-01T10:40:24Z,60,2023-02-28T18:17:54Z,SYSTEM_OVERLOAD
2023-03-08T01:59:17Z,60,2023-03-01T01:29:50Z,PLANNED_MAINTENANCE
2023-02-05T05:39:58Z,60,2023-03-04T16:19:30Z,UNPLANNED_MAINTENANCE
2023-03-09T18:34:10Z,60,2023-03-10T12:01:00Z,SYSTEM_REBOOT
2023-02-25T16:19:14Z,60,2023-03-10T18:29:21Z,SYSTEM_REBOOT
2023-03-08T12:29:09Z,60,2023-03-13T23:16:02Z,DIAGNOSTICS_COMPLETE
2023-02-23T04:16:23Z,60,2023-03-16T01:47:45Z,SYSTEM_REBOOT
2023-03-14T06:55:46Z,60,2023-03-19T18:22:30Z,PLANNED_MAINTENANCE
2023-03-14T05:31:20Z,71,2023-02-05T23:51:46Z,DIAGNOSTICS_COMPLETE
2023-02-11T22:03:02Z,71,2023-02-22T05:36:37Z,PLANNED_MAINTENANCE
2023-02-02T08:37:21Z,71,2023-02-24T04:30:15Z,DIAGNOSTICS_COMPLETE
2023-03-11T06:07:48Z,71,2023-02-24T17:36:45Z,DIAGNOSTICS_COMPLETE
2023-02-09T18:17:48Z,71,2023-02-27T14:11:27Z,SYSTEM_OVERLOAD
2023-03-03T03:21:07Z,71,2023-03-02T16:36:30Z,SYSTEM_OVERLOAD
2023-03-03T17:28:01Z,71,2023-03-02T19:12:20Z,SYSTEM_OVERLOAD
2023-02-25T07:38:14Z,71,2023-03-07T03:58:26Z,UNPLANNED_MAINTENANCE
2023-03-03T09:19:46Z,71,2023-03-09T04:40:28Z,PLANNED_MAINTENANCE
2023-02-13T13:37:12Z,71,2023-03-09T19:32:58Z,PLANNED_MAINTENANCE
2023-03-12T17:20:06Z,71,2023-03-10T16:29:43Z,SYSTEM_OVERLOAD
2023-02-05T01:49:47Z,71,2023-03-11T15:08:35Z,PLANNED_MAINTENANCE
2023-03-02T14:56:54Z,68,2023-02-02T11:09:45Z,SYSTEM_OVERLOAD
2023-03-07T10:25:58Z,68,2023-02-11T22:36:10Z,SYSTEM_OVERLOAD
2023-02-06T17:21:15Z,68,2023-02-19T03:17:04Z,PLANNED_MAINTENANCE
2023-02-03T12:37:42Z,68,2023-02-20T05:54:01Z,SYSTEM_OVERLOAD
2023-02-14T07:32:11Z,68,2023-02-27T21:49:02Z,SYSTEM_OVERLOAD
2023-02-01T13:42:51Z,68,2023-03-05T06:05:16Z,UNPLANNED_MAINTENANCE
2023-02-11T23:44:33Z,68,2023-03-06T21:23:57Z,UNPLANNED_MAINTENANCE
2023-03-13T17:11:55Z,68,2023-03-11T05:07:51Z,DIAGNOSTICS_COMPLETE
2023-03-21T08:05:39Z,68,2023-03-11T20:18:51Z,SYSTEM_REBOOT
2023-02-14T14:50:01Z,68,2023-03-14T03:22:07Z,DIAGNOSTICS_COMPLETE
2023-02-14T05:53:45Z,68,2023-03-14T21:12:40Z,DIAGNOSTICS_COMPLETE
2023-03-14T16:46:47Z,68,2023-03-15T09:04:29Z,PLANNED_MAINTENANCE
2023-02-04T01:43:24Z,68,2023-03-16T05:00:05Z,UNPLANNED_MAINTENANCE
2023-03-18T16:24:29Z,68,2023-03-19T05:53:49Z,SYSTEM_OVERLOAD
2023-02-11T04:30:16Z,65,2023-02-01T15:09:54Z,UNPLANNED_MAINTENANCE
2023-02-12T04:33:49Z,65,2023-02-02T14:20:58Z,UNPLANNED_MAINTENANCE
2023-02-27T21:57:02Z,65,2023-02-09T10:23:35Z,UNPLANNED_MAINTENANCE
2023-03-21T05:09:41Z,65,2023-02-10T13:38:44Z,PLANNED_MAINTENANCE
2023-02-08T11:59:14Z,65,2023-02-11T04:14:50Z,SYSTEM_OVERLOAD
2023-02-11T17:13:07Z,65,2023-02-14T20:53:55Z,PLANNED_MAINTENANCE
2023-02-04T05:27:23Z,65,2023-02-22T15:02:11Z,DIAGNOSTICS_COMPLETE
2023-02-19T17:53:22Z,65,2023-02-23T06:18:07Z,SYSTEM_OVERLOAD
2023-02-13T14:34:47Z,65,2023-02-28T23:05:23Z,UNPLANNED_MAINTENANCE
2023-02-07T11:04:45Z,65,2023-03-11T18:02:08Z,SYSTEM_REBOOT
2023-02-25T09:52:28Z,65,2023-03-12T21:12:24Z,SYSTEM_REBOOT
2023-03-20T18:57:28Z,65,2023-03-20T00:47:21Z,SYSTEM_OVERLOAD
2023-02-26T00:35:23Z,7,2023-02-05T01:19:37Z,SYSTEM_OVERLOAD
2023-02-23T20:14:25Z,7,2023-02-09T11:52:03Z,UNPLANNED_MAINTENANCE
2023-02-11T10:00:10Z,7,2023-02-17T02:15:50Z,SYSTEM_REBOOT
2023-03-10T09:37:41Z,7,2023-02-20T12:26:16Z,PLANNED_MAINTENANCE
2023-02-03T16:43:40Z,7,2023-02-24T12:15:27Z,PLANNED_MAINTENANCE
2023-02-12T21:46:17Z,7,2023-02-24T16:30:57Z,UNPLANNED_MAINTENANCE
2023-02-25T22:15:18Z,7,2023-02-25T15:37:33Z,UNPLANNED_MAINTENANCE
2023-03-15T12:22:48Z,7,2023-03-06T14:14:30Z,SYSTEM_REBOOT
2023-02-11T16:18:55Z,7,2023-03-14T11:58:26Z,PLANNED_MAINTENANCE
2023-03-16T12:21:37Z,7,2023-03-21T08:14:26Z,PLANNED_MAINTENANCE
2023-02-07T03:45:30Z,64,2023-02-02T14:31:28Z,UNPLANNED_MAINTENANCE
2023-02-28T14:36:21Z,64,2023-02-03T07:25:17Z,UNPLANNED_MAINTENANCE
2023-03-20T13:42:44Z,64,2023-02-04T03:12:14Z,DIAGNOSTICS_COMPLETE
2023-02-11T01:04:09Z,64,2023-02-09T18:24:35Z,SYSTEM_REBOOT
2023-02-12T23:23:22Z,64,2023-02-09T19:43:59Z,PLANNED_MAINTENANCE
2023-03-01T11:16:56Z,64,2023-02-11T13:53:36Z,SYSTEM_OVERLOAD
2023-02-21T14:07:47Z,64,2023-02-16T18:52:53Z,SYSTEM_REBOOT
2023-03-15T18:49:19Z,64,2023-02-17T08:23:59Z,PLANNED_MAINTENANCE
2023-03-05T14:19:27Z,64,2023-03-01T19:28:59Z,SYSTEM_REBOOT
2023-02-13T02:16:20Z,64,2023-03-02T00:29:23Z,SYSTEM_REBOOT
2023-02-28T15:32:08Z,64,2023-03-03T01:21:17Z,PLANNED_MAINTENANCE
2023-02-26T08:00:43Z,64,2023-03-06T10:09:41Z,SYSTEM_OVERLOAD
2023-03-07T06:09:31Z,64,2023-03-06T21:50:38Z,UNPLANNED_MAINTENANCE
2023-02-19T08:33:07Z,64,2023-03-08T00:00:09Z,SYSTEM_OVERLOAD
2023-03-14T20:41:45Z,64,2023-03-08T08:37:28Z,SYSTEM_REBOOT
2023-03-21T17:49:22Z,64,2023-03-10T23:23:21Z,SYSTEM_OVERLOAD
2023-02-20T23:20:00Z,64,2023-03-22T14:45:09Z,SYSTEM_OVERLOAD
2023-03-04T17:08:36Z,64,2023-03-22T18:59:17Z,DIAGNOSTICS_COMPLETE
2023-03-03T22:36:21Z,30,2023-02-03T09:08:53Z,SYSTEM_OVERLOAD
2023-03-16T23:22:10Z,30,2023-02-03T10:28:07Z,UNPLANNED_MAINTENANCE
2023-02-07T04:59:40Z,30,2023-02-08T17:55:17Z,SYSTEM_REBOOT
2023-02-15T00:38:06Z,30,2023-02-09T01:40:28Z,DIAGNOSTICS_COMPLETE
2023-03-12T06:36:19Z,30,2023-02-12T02:41:53Z,SYSTEM_REBOOT
2023-02-03T23:15:19Z,30,2023-02-12T20:39:35Z,SYSTEM_REBOOT
2023-03-09T05:09:32Z,30,2023-02-15T02:37:44Z,SYSTEM_REBOOT
2023-02-23T15:04:26Z,30,2023-02-19T10:38:10Z,DIAGNOSTICS_COMPLETE
2023-02-08T16:34:45Z,30,2023-02-19T14:37:51Z,PLANNED_MAINTENANCE
2023-02-04T05:18:10Z,30,2023-02-23T07:02:52Z,PLANNED_MAINTENANCE
2023-02-19T09:24:21Z,30,2023-02-23T22:30:59Z,PLANNED_MAINTENANCE
2023-02-02T07:07:56Z,30,2023-02-25T02:14:34Z,SYSTEM_OVERLOAD
2023-03-02T12:01:58Z,30,2023-02-27T23:34:40Z,UNPLANNED_MAINTENANCE
2023-03-22T13:32:07Z,30,2023-03-08T11:30:34Z,DIAGNOSTICS_COMPLETE
2023-02-27T17:23:41Z,30,2023-03-08T12:53:45Z,SYSTEM_REBOOT
2023-02-06T00:13:32Z,30,2023-03-09T20:06:58Z,SYSTEM_REBOOT
2023-03-11T23:02:35Z,30,2023-03-11T00:29:46Z,DIAGNOSTICS_COMPLETE
2023-03-03T21:03:11Z,30,2023-03-17T13:34:43Z,PLANNED_MAINTENANCE
2023-03-08T15:57:57Z,59,2023-02-06T21:34:45Z,DIAGNOSTICS_COMPLETE
2023-03-06T15:26:43Z,59,2023-02-07T18:35:44Z,SYSTEM_REBOOT
2023-02-15T11:30:49Z,59,2023-02-16T02:11:42Z,UNPLANNED_MAINTENANCE
2023-02-20T07:50:24Z,59,2023-02-16T08:41:24Z,PLANNED_MAINTENANCE
2023-02-02T23:49:09Z,59,2023-02-21T12:43:29Z,SYSTEM_REBOOT
2023-03-17T06:53:21Z,59,2023-02-23T17:45:34Z,SYSTEM_REBOOT
2023-02-20T20:48:37Z,59,2023-02-28T23:37:59Z,SYSTEM_REBOOT
2023-03-20T14:55:13Z,59,2023-03-02T18:40:56Z,PLANNED_MAINTENANCE
2023-02-02T04:21:32Z,59,2023-03-04T17:08:17Z,PLANNED_MAINTENANCE
2023-02-14T01:32:31Z,59,2023-03-08T11:07:19Z,SYSTEM_OVERLOAD
2023-03-03T21:38:40Z,59,2023-03-09T05:19:07Z,PLANNED_MAINTENANCE
2023-03-22T01:43:38Z,59,2023-03-12T01:42:38Z,SYSTEM_OVERLOAD
2023-03-07T17:54:48Z,59,2023-03-14T03:44:08Z,PLANNED_MAINTENANCE
2023-02-14T16:42:52Z,59,2023-03-14T18:48:33Z,UNPLANNED_MAINTENANCE
2023-02-11T04:42:34Z,59,2023-03-18T10:31:04Z,DIAGNOSTICS_COMPLETE
2023-02-05T22:49:47Z,59,2023-03-22T14:22:59Z,DIAGNOSTICS_COMPLETE
2023-02-06T00:02:20Z,59,2023-03-22T15:59:20Z,SYSTEM_OVERLOAD
2023-02-07T20:15:54Z,20,2023-02-04T13:39:13Z,DIAGNOSTICS_COMPLETE
2023-03-16T02:02:07Z,20,2023-02-07T12:34:46Z,UNPLANNED_MAINTENANCE
2023-02-25T06:37:56Z,20,2023-02-07T17:16:08Z,UNPLANNED_MAINTENANCE
2023-02-08T13:27:09Z,20,2023-02-12T10:10:03Z,DIAGNOSTICS_COMPLETE
2023-02-07T11:55:27Z,20,2023-02-13T16:54:40Z,SYSTEM_OVERLOAD
2023-02-15T03:19:19Z,20,2023-02-14T04:48:51Z,DIAGNOSTICS_COMPLETE
2023-02-09T13:06:04Z,20,2023-02-17T18:07:21Z,SYSTEM_OVERLOAD
2023-02-28T15:37:08Z,20,2023-02-22T23:49:09Z,SYSTEM_REBOOT
2023-03-19T10:46:39Z,20,2023-02-25T19:57:28Z,PLANNED_MAINTENANCE
2023-03-19T11:53:26Z,20,2023-02-28T22:16:37Z,SYSTEM_REBOOT
2023-03-10T02:42:46Z,20,2023-03-04T15:56:38Z,SYSTEM_OVERLOAD
2023-02-13T15:07:07Z,20,2023-03-05T22:15:24Z,PLANNED_MAINTENANCE
2023-02-28T08:02:11Z,20,2023-03-06T05:21:41Z,SYSTEM_OVERLOAD
2023-03-08T01:29:49Z,20,2023-03-06T05:43:42Z,SYSTEM_OVERLOAD
2023-03-18T11:45:57Z,20,2023-03-09T23:18:36Z,PLANNED_MAINTENANCE
2023-02-23T00:14:03Z,20,2023-03-13T04:15:37Z,SYSTEM_OVERLOAD
2023-02-07T17:23:39Z,20,2023-03-13T14:45:25Z,SYSTEM_REBOOT
2023-03-15T16:08:18Z,20,2023-03-17T12:44:32Z,SYSTEM_OVERLOAD
2023-02-12T19:32:58Z,20,2023-03-17T17:36:57Z,SYSTEM_OVERLOAD
2023-02-23T10:29:08Z,20,2023-03-20T02:26:34Z,UNPLANNED_MAINTENANCE
2023-02-22T06:09:22Z,1,2023-02-06T02:59:38Z,SYSTEM_REBOOT
2023-03-05T18:55:45Z,1,2023-02-11T20:36:25Z,DIAGNOSTICS_COMPLETE
2023-02-13T04:17:07Z,1,2023-02-12T14:56:44Z,UNPLANNED_MAINTENANCE
2023-02-02T14:12:45Z,1,2023-02-12T21:14:01Z,PLANNED_MAINTENANCE
2023-03-22T06:45:01Z,1,2023-02-19T15:32:29Z,UNPLANNED_MAINTENANCE
2023-02-26T09:58:52Z,1,2023-02-26T20:20:21Z,SYSTEM_REBOOT
2023-02-21T06:48:09Z,1,2023-02-27T19:34:23Z,PLANNED_MAINTENANCE
2023-02-11T23:49:38Z,1,2023-03-01T18:29:48Z,PLANNED_MAINTENANCE
2023-02-08T23:37:49Z,1,2023-03-19T21:48:08Z,SYSTEM_REBOOT
2023-03-19T06:19:40Z,1,2023-03-20T02:15:37Z,SYSTEM_REBOOT
2023-02-10T00:27:00Z,1,2023-03-20T14:22:24Z,DIAGNOSTICS_COMPLETE
2023-02-25T15:55:38Z,23,2023-02-13T03:27:46Z,DIAGNOSTICS_COMPLETE
2023-02-23T11:34:08Z,23,2023-02-15T07:03:27Z,DIAGNOSTICS_COMPLETE
2023-02-06T00:53:29Z,23,2023-02-19T17:41:50Z,UNPLANNED_MAINTENANCE
2023-02-09T00:01:50Z,23,2023-02-19T18:32:13Z,SYSTEM_OVERLOAD
2023-03-13T06:34:59Z,23,2023-02-20T15:52:53Z,PLANNED_MAINTENANCE
2023-03-15T14:43:00Z,23,2023-02-23T09:23:24Z,SYSTEM_OVERLOAD
2023-03-16T02:21:01Z,23,2023-02-23T21:53:24Z,UNPLANNED_MAINTENANCE
2023-02-04T13:13:52Z,23,2023-03-05T09:23:45Z,SYSTEM_REBOOT
2023-02-25T07:43:01Z,23,2023-03-06T06:39:38Z,PLANNED_MAINTENANCE
2023-03-03T04:10:12Z,23,2023-03-11T02:38:31Z,DIAGNOSTICS_COMPLETE
2023-03-02T23:26:00Z,23,2023-03-11T19:09:42Z,DIAGNOSTICS_COMPLETE
2023-02-07T10:28:46Z,23,2023-03-13T05:20:27Z,PLANNED_MAINTENANCE
2023-02-18T05:30:31Z,23,2023-03-14T05:10:57Z,SYSTEM_REBOOT
2023-03-06T23:28:36Z,52,2023-02-02T06:19:51Z,SYSTEM_OVERLOAD
2023-03-01T09:05:11Z,52,2023-02-07T05:10:41Z,DIAGNOSTICS_COMPLETE
2023-03-10T21:50:46Z,52,2023-02-08T10:26:34Z,PLANNED_MAINTENANCE
2023-03-15T14:03:28Z,52,2023-02-13T01:24:16Z,DIAGNOSTICS_COMPLETE
2023-02-16T02:05:31Z,52,2023-02-16T06:37:24Z,SYSTEM_REBOOT
2023-03-16T19:28:25Z,52,2023-02-21T04:30:35Z,UNPLANNED_MAINTENANCE
2023-03-09T00:33:17Z,52,2023-02-25T23:10:04Z,DIAGNOSTICS_COMPLETE
2023-02-22T04:10:19Z,52,2023-02-27T20:39:56Z,PLANNED_MAINTENANCE
2023-03-06T10:25:38Z,52,2023-03-03T09:36:03Z,DIAGNOSTICS_COMPLETE
2023-03-22T06:00:52Z,52,2023-03-05T13:42:19Z,SYSTEM_REBOOT
2023-03-09T07:19:16Z,52,2023-03-12T23:23:01Z,SYSTEM_OVERLOAD
2023-02-24T11:04:57Z,52,2023-03-13T00:18:04Z,DIAGNOSTICS_COMPLETE
2023-02-17T06:42:10Z,52,2023-03-16T01:23:57Z,DIAGNOSTICS_COMPLETE
2023-03-14T23:51:36Z,52,2023-03-17T14:33:02Z,UNPLANNED_MAINTENANCE
2023-02-06T06:43:18Z,37,2023-02-02T02:17:07Z,SYSTEM_REBOOT
2023-02-14T19:27:45Z,37,2023-02-07T14:50:27Z,DIAGNOSTICS_COMPLETE
2023-03-12T03:41:45Z,37,2023-02-08T17:54:37Z,SYSTEM_OVERLOAD
2023-03-18T11:09:42Z,37,2023-02-11T19:55:59Z,PLANNED_MAINTENANCE
2023-03-09T01:21:59Z,37,2023-02-14T10:51:52Z,SYSTEM_REBOOT
2023-02-22T13:14:45Z,37,2023-02-19T09:47:55Z,SYSTEM_OVERLOAD
2023-03-13T08:20:22Z,37,2023-02-28T21:06:20Z,DIAGNOSTICS_COMPLETE
2023-03-20T22:13:05Z,37,2023-03-01T14:39:00Z,SYSTEM_OVERLOAD
2023-03-05T20:21:00Z,37,2023-03-03T12:07:29Z,UNPLANNED_MAINTENANCE
2023-02-04T01:14:25Z,37,2023-03-10T20:15:55Z,DIAGNOSTICS_COMPLETE
2023-03-16T14:48:41Z,78,2023-02-02T06:54:18Z,PLANNED_MAINTENANCE
2023-02-15T06:43:01Z,78,2023-02-06T16:35:31Z,PLANNED_MAINTENANCE
2023-03-06T16:37:14Z,78,2023-02-06T20:02:25Z,SYSTEM_REBOOT
2023-02-16T20:34:30Z,78,2023-02-09T09:38:35Z,DIAGNOSTICS_COMPLETE
2023-03-21T04:17:35Z,78,2023-02-12T22:26:30Z,SYSTEM_REBOOT
2023-03-11T14:32:22Z,78,2023-02-18T18:04:35Z,SYSTEM_REBOOT
2023-02-02T08:17:47Z,78,2023-02-19T06:44:07Z,SYSTEM_REBOOT
2023-03-19T06:36:06Z,78,2023-02-24T08:10:53Z,SYSTEM_OVERLOAD
2023-03-21T05:55:30Z,78,2023-02-27T01:58:22Z,SYSTEM_OVERLOAD
2023-03-12T01:05:26Z,78,2023-03-01T01:14:46Z,SYSTEM_REBOOT
2023-03-02T01:21:59Z,78,2023-03-02T07:36:14Z,SYSTEM_REBOOT
2023-02-13T02:44:55Z,78,2023-03-08T00:56:34Z,SYSTEM_OVERLOAD
2023-02-18T07:56:39Z,78,2023-03-08T16:53:37Z,DIAGNOSTICS_COMPLETE
2023-02-21T12:57:52Z,78,2023-03-13T15:16:32Z,SYSTEM_OVERLOAD
2023-03-15T12:49:39Z,78,2023-03-14T10:06:28Z,SYSTEM_REBOOT
2023-02-22T12:45:10Z,78,2023-03-15T17:08:06Z,UNPLANNED_MAINTENANCE
2023-03-19T17:15:27Z,78,2023-03-15T17:18:01Z,PLANNED_MAINTENANCE
2023-02-03T03:26:08Z,78,2023-03-17T16:52:52Z,UNPLANNED_MAINTENANCE
2023-03-13T09:10:54Z,78,2023-03-20T04:40:27Z,SYSTEM_OVERLOAD
2023-02-23T15:29:09Z,46,2023-02-05T09:22:40Z,UNPLANNED_MAINTENANCE
2023-02-01T15:59:44Z,46,2023-02-07T21:10:41Z,DIAGNOSTICS_COMPLETE
2023-02-10T18:02:55Z,46,2023-02-12T18:06:51Z,PLANNED_MAINTENANCE
2023-02-22T01:51:17Z,46,2023-02-13T07:23:51Z,SYSTEM_REBOOT
2023-03-14T20:28:14Z,46,2023-02-22T14:30:35Z,SYSTEM_REBOOT
2023-02-26T18:02:06Z,46,2023-02-23T02:38:18Z,SYSTEM_OVERLOAD
2023-02-27T12:04:58Z,46,2023-02-24T11:26:33Z,DIAGNOSTICS_COMPLETE
2023-02-21T08:10:44Z,46,2023-02-27T05:40:18Z,UNPLANNED_MAINTENANCE
2023-02-10T18:08:51Z,46,2023-03-02T11:55:30Z,UNPLANNED_MAINTENANCE
2023-02-14T10:29:58Z,46,2023-03-06T21:03:42Z,UNPLANNED_MAINTENANCE
2023-02-18T14:58:20Z,46,2023-03-07T08:40:50Z,SYSTEM_OVERLOAD
2023-03-04T03:35:08Z,46,2023-03-08T22:22:04Z,SYSTEM_REBOOT
2023-02-27T22:09:36Z,46,2023-03-10T21:59:24Z,PLANNED_MAINTENANCE
2023-02-25T14:32:22Z,46,2023-03-11T00:12:08Z,SYSTEM_OVERLOAD
2023-03-18T17:30:10Z,46,2023-03-11T07:24:54Z,SYSTEM_OVERLOAD
2023-02-06T08:01:44Z,46,2023-03-15T06:26:09Z,SYSTEM_OVERLOAD
2023-03-02T05:20:50Z,46,2023-03-16T18:40:06Z,SYSTEM_REBOOT
2023-02-05T04:21:28Z,46,2023-03-17T02:04:15Z,UNPLANNED_MAINTENANCE
2023-03-05T18:39:00Z,46,2023-03-21T10:17:20Z,SYSTEM_REBOOT
2023-02-18T14:55:25Z,67,2023-02-09T05:44:23Z,SYSTEM_OVERLOAD
2023-03-21T17:35:59Z,67,2023-02-10T08:56:06Z,UNPLANNED_MAINTENANCE
2023-03-18T17:28:54Z,67,2023-02-13T01:47:30Z,SYSTEM_REBOOT
2023-03-01T17:41:43Z,67,2023-02-14T06:43:47Z,DIAGNOSTICS_COMPLETE
2023-02-17T14:37:32Z,67,2023-02-17T21:59:13Z,DIAGNOSTICS_COMPLETE
2023-03-20T22:32:49Z,67,2023-02-19T02:13:41Z,PLANNED_MAINTENANCE
2023-03-05T23:58:13Z,67,2023-02-20T10:55:51Z,UNPLANNED_MAINTENANCE
2023-03-07T13:31:46Z,67,2023-02-20T18:52:04Z,SYSTEM_REBOOT
2023-02-19T20:11:47Z,67,2023-02-22T02:36:01Z,DIAGNOSTICS_COMPLETE
2023-02-28T15:35:36Z,67,2023-03-01T16:47:39Z,PLANNED_MAINTENANCE
2023-03-04T08:43:09Z,67,2023-03-07T12:23:52Z,SYSTEM_REBOOT
2023-02-25T14:49:39Z,67,2023-03-10T13:18:29Z,DIAGNOSTICS_COMPLETE
2023-03-17T09:00:48Z,67,2023-03-17T04:03:23Z,SYSTEM_OVERLOAD
2023-02-20T21:42:53Z,67,2023-03-21T04:39:30Z,PLANNED_MAINTENANCE
2023-02-20T10:37:35Z,45,2023-02-03T06:24:52Z,UNPLANNED_MAINTENANCE
2023-02-20T16:00:50Z,45,2023-02-05T00:16:02Z,PLANNED_MAINTENANCE
2023-02-23T23:05:01Z,45,2023-02-07T19:16:30Z,DIAGNOSTICS_COMPLETE
2023-02-19T07:41:45Z,45,2023-02-10T07:18:57Z,SYSTEM_REBOOT
2023-02-10T09:19:08Z,45,2023-02-10T17:07:57Z,SYSTEM_OVERLOAD
2023-03-20T23:34:09Z,45,2023-02-12T17:22:11Z,DIAGNOSTICS_COMPLETE
2023-03-02T10:58:48Z,45,2023-02-13T09:55:09Z,SYSTEM_REBOOT
2023-02-17T01:32:04Z,45,2023-02-22T21:38:20Z,UNPLANNED_MAINTENANCE
2023-02-13T16:50:56Z,45,2023-02-23T16:14:30Z,DIAGNOSTICS_COMPLETE
2023-02-01T22:38:04Z,45,2023-02-26T18:50:55Z,PLANNED_MAINTENANCE
2023-02-13T16:36:27Z,45,2023-03-03T12:15:27Z,UNPLANNED_MAINTENANCE
2023-02-12T16:24:19Z,45,2023-03-04T02:59:47Z,PLANNED_MAINTENANCE
2023-02-18T01:10:23Z,45,2023-03-07T20:49:01Z,PLANNED_MAINTENANCE
2023-03-13T12:30:47Z,45,2023-03-08T04:42:45Z,SYSTEM_REBOOT
2023-02-20T10:37:35Z,45,2023-02-03T06:24:52Z,UNPLANNED_MAINTENANCE
2023-02-20T16:00:50Z,45,2023-02-05T00:16:02Z,PLANNED_MAINTENANCE
2023-02-23T23:05:01Z,45,2023-02-07T19:16:30Z,DIAGNOSTICS_COMPLETE
2023-02-19T07:41:45Z,45,2023-02-10T07:18:57Z,SYSTEM_REBOOT
2023-02-10T09:19:08Z,45,2023-02-10T17:07:57Z,SYSTEM_OVERLOAD
2023-03-20T23:34:09Z,45,2023-02-12T17:22:11Z,DIAGNOSTICS_COMPLETE
2023-03-02T10:58:48Z,45,2023-02-13T09:55:09Z,SYSTEM_REBOOT
2023-02-17T01:32:04Z,45,2023-02-22T21:38:20Z,UNPLANNED_MAINTENANCE
2023-02-13T16:50:56Z,45,2023-02-23T16:14:30Z,DIAGNOSTICS_COMPLETE
2023-02-01T22:38:04Z,45,2023-02-26T18:50:55Z,PLANNED_MAINTENANCE
2023-02-13T16:36:27Z,45,2023-03-03T12:15:27Z,UNPLANNED_MAINTENANCE
2023-02-12T16:24:19Z,45,2023-03-04T02:59:47Z,PLANNED_MAINTENANCE
2023-02-18T01:10:23Z,45,2023-03-07T20:49:01Z,PLANNED_MAINTENANCE
2023-03-13T12:30:47Z,45,2023-03-08T04:42:45Z,SYSTEM_REBOOT
2023-02-17T08:46:27Z,35,2023-02-01T13:19:06Z,PLANNED_MAINTENANCE
2023-03-18T21:57:33Z,35,2023-02-06T10:36:12Z,SYSTEM_REBOOT
2023-03-09T12:35:18Z,35,2023-02-10T02:06:26Z,DIAGNOSTICS_COMPLETE
2023-03-02T12:50:15Z,35,2023-02-10T16:54:08Z,SYSTEM_REBOOT
2023-02-13T08:25:04Z,35,2023-02-17T04:31:53Z,SYSTEM_OVERLOAD
2023-02-23T12:40:16Z,35,2023-02-17T13:05:05Z,UNPLANNED_MAINTENANCE
2023-03-05T11:31:24Z,35,2023-02-19T00:13:55Z,DIAGNOSTICS_COMPLETE
2023-02-22T19:47:17Z,35,2023-02-23T09:14:54Z,SYSTEM_REBOOT
2023-03-06T04:50:05Z,35,2023-02-24T03:51:54Z,UNPLANNED_MAINTENANCE
2023-02-16T21:54:42Z,35,2023-02-24T21:09:34Z,SYSTEM_OVERLOAD
2023-03-03T13:35:33Z,35,2023-02-28T09:15:17Z,PLANNED_MAINTENANCE
2023-02-02T11:58:27Z,35,2023-02-28T21:19:23Z,SYSTEM_REBOOT
2023-03-09T17:36:52Z,35,2023-03-01T14:42:09Z,SYSTEM_REBOOT
2023-02-27T04:51:34Z,35,2023-03-06T18:04:21Z,SYSTEM_REBOOT
2023-03-19T20:44:36Z,35,2023-03-07T06:20:56Z,UNPLANNED_MAINTENANCE
2023-02-21T13:03:04Z,35,2023-03-14T00:39:25Z,UNPLANNED_MAINTENANCE
2023-03-10T18:27:04Z,35,2023-03-16T10:13:36Z,PLANNED_MAINTENANCE
2023-02-04T03:49:52Z,35,2023-03-16T13:49:27Z,SYSTEM_OVERLOAD
2023-02-19T02:07:37Z,35,2023-03-19T08:55:08Z,DIAGNOSTICS_COMPLETE
2023-03-18T23:53:29Z,35,2023-03-21T08:34:14Z,DIAGNOSTICS_COMPLETE
2023-02-18T17:06:40Z,50,2023-02-08T22:58:53Z,DIAGNOSTICS_COMPLETE
2023-03-20T11:07:40Z,50,2023-02-09T16:20:09Z,UNPLANNED_MAINTENANCE
2023-03-05T10:40:59Z,50,2023-02-09T18:50:09Z,SYSTEM_REBOOT
2023-03-19T02:43:15Z,50,2023-02-11T16:18:52Z,DIAGNOSTICS_COMPLETE
2023-03-06T10:26:54Z,50,2023-02-12T01:06:33Z,UNPLANNED_MAINTENANCE
2023-03-10T11:54:11Z,50,2023-02-13T01:31:08Z,SYSTEM_REBOOT
2023-02-21T15:21:29Z,50,2023-02-19T15:51:45Z,PLANNED_MAINTENANCE
2023-02-11T23:54:54Z,50,2023-03-01T11:23:05Z,SYSTEM_REBOOT
2023-02-05T13:02:14Z,50,2023-03-04T03:10:44Z,DIAGNOSTICS_COMPLETE
2023-03-20T09:17:01Z,50,2023-03-07T02:58:26Z,DIAGNOSTICS_COMPLETE
2023-03-07T08:56:26Z,21,2023-02-03T13:45:22Z,SYSTEM_OVERLOAD
2023-03-14T21:15:50Z,21,2023-02-07T15:49:35Z,DIAGNOSTICS_COMPLETE
2023-02-17T19:16:46Z,21,2023-02-11T00:27:55Z,SYSTEM_OVERLOAD
2023-02-03T13:10:29Z,21,2023-02-15T07:20:12Z,SYSTEM_REBOOT
2023-02-15T19:15:56Z,21,2023-02-18T21:19:16Z,PLANNED_MAINTENANCE
2023-02-25T10:27:33Z,21,2023-02-22T17:06:29Z,PLANNED_MAINTENANCE
2023-03-22T18:31:33Z,21,2023-02-23T10:33:20Z,UNPLANNED_MAINTENANCE
2023-02-21T07:07:19Z,21,2023-02-24T07:13:53Z,UNPLANNED_MAINTENANCE
2023-03-03T04:37:26Z,21,2023-02-27T03:31:52Z,DIAGNOSTICS_COMPLETE
2023-03-07T12:34:03Z,21,2023-03-15T13:26:24Z,PLANNED_MAINTENANCE
2023-02-06T14:34:46Z,21,2023-03-15T17:06:33Z,SYSTEM_OVERLOAD
2023-02-20T15:55:03Z,21,2023-03-17T03:53:33Z,PLANNED_MAINTENANCE
2023-02-24T14:48:37Z,21,2023-03-20T14:41:45Z,SYSTEM_REBOOT
2023-03-08T18:24:55Z,21,2023-03-20T18:58:35Z,PLANNED_MAINTENANCE
2023-02-05T20:15:11Z,43,2023-02-01T14:00:07Z,DIAGNOSTICS_COMPLETE
2023-02-05T01:47:32Z,43,2023-02-03T14:37:22Z,PLANNED_MAINTENANCE
2023-02-18T13:34:56Z,43,2023-02-08T21:56:47Z,SYSTEM_OVERLOAD
2023-02-22T00:18:14Z,43,2023-02-13T20:44:30Z,PLANNED_MAINTENANCE
2023-02-15T17:52:15Z,43,2023-02-17T15:26:50Z,DIAGNOSTICS_COMPLETE
2023-02-23T15:48:22Z,43,2023-02-21T18:18:15Z,SYSTEM_OVERLOAD
2023-02-10T01:01:45Z,43,2023-02-22T02:51:34Z,SYSTEM_REBOOT
2023-02-08T02:35:13Z,43,2023-02-24T00:46:59Z,UNPLANNED_MAINTENANCE
2023-03-12T21:05:40Z,43,2023-02-25T12:31:02Z,SYSTEM_REBOOT
2023-02-25T04:05:58Z,43,2023-02-26T15:09:23Z,DIAGNOSTICS_COMPLETE
2023-03-11T20:02:50Z,43,2023-03-01T03:20:17Z,SYSTEM_REBOOT
2023-03-18T22:27:29Z,43,2023-03-08T22:32:17Z,UNPLANNED_MAINTENANCE
2023-02-10T08:51:16Z,43,2023-03-09T21:10:31Z,PLANNED_MAINTENANCE
2023-02-08T22:56:28Z,43,2023-03-10T02:39:37Z,PLANNED_MAINTENANCE
2023-02-24T06:50:59Z,43,2023-03-12T21:09:06Z,SYSTEM_REBOOT
2023-02-23T00:05:49Z,43,2023-03-13T06:33:09Z,SYSTEM_OVERLOAD
2023-03-14T16:39:08Z,43,2023-03-16T14:04:43Z,PLANNED_MAINTENANCE
2023-02-06T06:11:44Z,43,2023-03-17T05:24:26Z,DIAGNOSTICS_COMPLETE
2023-03-12T14:43:58Z,43,2023-03-22T09:05:08Z,DIAGNOSTICS_COMPLETE
2023-02-20T01:06:54Z,54,2023-02-03T16:59:23Z,PLANNED_MAINTENANCE
2023-03-04T12:54:57Z,54,2023-02-04T11:00:46Z,UNPLANNED_MAINTENANCE
2023-02-01T14:42:32Z,54,2023-02-04T14:00:39Z,PLANNED_MAINTENANCE
2023-03-06T02:34:34Z,54,2023-02-06T04:21:44Z,SYSTEM_OVERLOAD
2023-03-21T10:17:41Z,54,2023-02-16T03:06:45Z,DIAGNOSTICS_COMPLETE
2023-03-02T22:11:29Z,54,2023-02-22T08:09:51Z,DIAGNOSTICS_COMPLETE
2023-03-01T09:41:05Z,54,2023-02-27T23:22:24Z,UNPLANNED_MAINTENANCE
2023-02-15T20:17:59Z,54,2023-03-06T12:55:15Z,PLANNED_MAINTENANCE
2023-02-15T06:10:33Z,54,2023-03-07T15:36:05Z,UNPLANNED_MAINTENANCE
2023-03-06T08:04:56Z,54,2023-03-10T08:15:15Z,UNPLANNED_MAINTENANCE
2023-02-21T16:38:05Z,54,2023-03-10T11:37:20Z,SYSTEM_OVERLOAD
2023-02-20T08:03:13Z,54,2023-03-13T08:03:44Z,SYSTEM_REBOOT
2023-03-17T23:38:17Z,54,2023-03-14T06:48:59Z,DIAGNOSTICS_COMPLETE
2023-03-15T15:21:40Z,54,2023-03-16T05:14:09Z,PLANNED_MAINTENANCE
2023-03-04T10:08:07Z,54,2023-03-16T08:18:06Z,PLANNED_MAINTENANCE
2023-02-02T11:27:46Z,54,2023-03-17T12:43:06Z,SYSTEM_REBOOT
2023-03-08T06:09:21Z,54,2023-03-17T23:03:15Z,PLANNED_MAINTENANCE
2023-02-18T21:00:27Z,16,2023-02-02T12:40:10Z,PLANNED_MAINTENANCE
2023-03-15T20:49:14Z,16,2023-02-05T16:31:03Z,SYSTEM_OVERLOAD
2023-02-18T22:36:55Z,16,2023-02-12T23:02:19Z,UNPLANNED_MAINTENANCE
2023-03-22T15:42:25Z,16,2023-02-13T11:41:08Z,UNPLANNED_MAINTENANCE
2023-03-20T11:33:14Z,16,2023-02-16T08:47:18Z,PLANNED_MAINTENANCE
2023-02-12T09:56:43Z,16,2023-02-16T12:18:21Z,UNPLANNED_MAINTENANCE
2023-02-21T18:34:21Z,16,2023-02-22T18:55:26Z,DIAGNOSTICS_COMPLETE
2023-02-09T06:40:04Z,16,2023-03-07T03:31:01Z,UNPLANNED_MAINTENANCE
2023-03-07T18:41:29Z,16,2023-03-13T10:49:43Z,SYSTEM_OVERLOAD
2023-03-18T23:17:42Z,16,2023-03-17T10:26:48Z,SYSTEM_OVERLOAD
2023-02-20T07:18:28Z,16,2023-03-20T23:05:47Z,DIAGNOSTICS_COMPLETE
2023-02-16T13:57:39Z,16,2023-03-22T09:59:31Z,UNPLANNED_MAINTENANCE
2023-02-23T13:16:05Z,16,2023-03-22T16:59:36Z,DIAGNOSTICS_COMPLETE
2023-02-06T11:32:52Z,42,2023-02-03T05:54:26Z,SYSTEM_OVERLOAD
2023-02-13T03:16:44Z,42,2023-02-03T16:59:12Z,SYSTEM_REBOOT
2023-03-14T00:15:01Z,42,2023-02-19T16:45:02Z,PLANNED_MAINTENANCE
2023-02-06T05:07:00Z,42,2023-02-21T11:29:48Z,UNPLANNED_MAINTENANCE
2023-02-11T17:09:55Z,42,2023-02-24T04:10:01Z,UNPLANNED_MAINTENANCE
2023-02-12T07:11:31Z,42,2023-02-27T19:34:42Z,DIAGNOSTICS_COMPLETE
2023-02-09T13:52:42Z,42,2023-02-28T06:36:32Z,PLANNED_MAINTENANCE
2023-03-12T13:04:28Z,42,2023-03-06T13:32:26Z,DIAGNOSTICS_COMPLETE
2023-02-11T22:57:29Z,42,2023-03-07T03:27:18Z,UNPLANNED_MAINTENANCE
2023-02-24T17:10:22Z,42,2023-03-08T00:46:25Z,UNPLANNED_MAINTENANCE
2023-03-08T02:03:16Z,42,2023-03-08T11:34:31Z,SYSTEM_OVERLOAD
2023-03-11T04:01:54Z,33,2023-02-03T01:07:37Z,SYSTEM_REBOOT
2023-02-23T19:55:45Z,33,2023-02-04T00:15:42Z,SYSTEM_OVERLOAD
2023-03-15T04:25:38Z,33,2023-02-05T00:04:53Z,UNPLANNED_MAINTENANCE
2023-02-13T10:57:44Z,33,2023-02-09T11:45:44Z,SYSTEM_OVERLOAD
2023-03-18T17:29:49Z,33,2023-02-11T17:34:22Z,SYSTEM_REBOOT
2023-02-13T04:40:18Z,33,2023-02-13T01:03:41Z,SYSTEM_REBOOT
2023-03-08T05:36:01Z,33,2023-02-20T18:17:47Z,SYSTEM_REBOOT
2023-02-28T15:37:10Z,33,2023-02-26T23:17:36Z,DIAGNOSTICS_COMPLETE
2023-02-14T16:25:41Z,33,2023-03-03T06:54:28Z,SYSTEM_OVERLOAD
2023-02-23T06:08:03Z,33,2023-03-06T15:50:04Z,SYSTEM_REBOOT
2023-02-05T18:27:03Z,33,2023-03-07T20:31:52Z,UNPLANNED_MAINTENANCE
2023-03-16T13:25:11Z,33,2023-03-08T15:40:07Z,DIAGNOSTICS_COMPLETE
2023-02-09T08:07:53Z,33,2023-03-12T05:25:07Z,SYSTEM_REBOOT
2023-03-17T10:22:04Z,33,2023-03-14T10:21:41Z,SYSTEM_REBOOT
2023-02-16T01:15:54Z,33,2023-03-18T14:55:54Z,SYSTEM_OVERLOAD
2023-03-22T17:11:34Z,33,2023-03-20T02:21:10Z,UNPLANNED_MAINTENANCE
2023-02-22T04:13:45Z,33,2023-03-21T14:54:44Z,PLANNED_MAINTENANCE
2023-03-04T20:55:59Z,22,2023-02-07T17:12:37Z,DIAGNOSTICS_COMPLETE
2023-03-16T07:13:44Z,22,2023-02-14T17:22:36Z,DIAGNOSTICS_COMPLETE
2023-03-21T14:15:22Z,22,2023-02-18T13:36:30Z,SYSTEM_REBOOT
2023-03-09T00:56:39Z,22,2023-02-23T13:51:58Z,UNPLANNED_MAINTENANCE
2023-02-09T01:31:31Z,22,2023-02-27T10:30:50Z,SYSTEM_OVERLOAD
2023-03-14T03:45:04Z,22,2023-03-03T22:17:39Z,DIAGNOSTICS_COMPLETE
2023-02-18T18:47:13Z,22,2023-03-05T03:16:58Z,PLANNED_MAINTENANCE
2023-02-16T21:30:47Z,22,2023-03-05T17:15:58Z,SYSTEM_REBOOT
2023-02-08T02:52:31Z,22,2023-03-14T02:25:13Z,UNPLANNED_MAINTENANCE
2023-02-09T06:43:55Z,22,2023-03-20T04:33:05Z,SYSTEM_OVERLOAD
2023-03-21T23:53:26Z,22,2023-03-21T14:35:28Z,DIAGNOSTICS_COMPLETE
2023-02-13T14:54:25Z,22,2023-03-21T15:40:14Z,UNPLANNED_MAINTENANCE
2023-03-13T08:17:13Z,22,2023-03-22T19:46:17Z,UNPLANNED_MAINTENANCE
2023-03-20T02:28:12Z,56,2023-02-08T09:01:27Z,DIAGNOSTICS_COMPLETE
2023-02-10T23:48:39Z,56,2023-02-10T09:34:13Z,SYSTEM_OVERLOAD
2023-02-26T04:18:12Z,56,2023-02-10T19:50:02Z,PLANNED_MAINTENANCE
2023-02-13T03:25:03Z,56,2023-02-12T01:00:26Z,DIAGNOSTICS_COMPLETE
2023-02-25T00:51:17Z,56,2023-02-12T23:23:46Z,DIAGNOSTICS_COMPLETE
2023-02-01T10:17:10Z,56,2023-02-17T03:40:35Z,SYSTEM_REBOOT
2023-03-16T01:21:03Z,56,2023-02-18T20:06:07Z,PLANNED_MAINTENANCE
2023-02-27T06:25:28Z,56,2023-02-22T15:46:55Z,DIAGNOSTICS_COMPLETE
2023-03-06T21:48:29Z,56,2023-02-22T21:09:38Z,DIAGNOSTICS_COMPLETE
2023-03-18T12:04:57Z,56,2023-03-03T09:46:22Z,PLANNED_MAINTENANCE
2023-03-11T07:20:32Z,56,2023-03-10T10:17:24Z,DIAGNOSTICS_COMPLETE
2023-02-24T01:50:54Z,56,2023-03-10T12:42:09Z,UNPLANNED_MAINTENANCE
2023-02-15T22:07:04Z,24,2023-02-04T17:57:53Z,SYSTEM_OVERLOAD
2023-02-19T23:18:35Z,24,2023-02-07T06:12:21Z,DIAGNOSTICS_COMPLETE
2023-02-13T12:37:37Z,24,2023-02-10T12:19:17Z,SYSTEM_OVERLOAD
2023-03-20T21:12:41Z,24,2023-02-14T09:54:30Z,DIAGNOSTICS_COMPLETE
2023-02-28T16:22:50Z,24,2023-02-15T16:18:24Z,UNPLANNED_MAINTENANCE
2023-02-02T08:54:32Z,24,2023-02-17T14:06:12Z,SYSTEM_REBOOT
2023-02-02T14:32:03Z,24,2023-02-20T16:55:58Z,PLANNED_MAINTENANCE
2023-02-08T01:36:13Z,24,2023-02-27T01:20:33Z,SYSTEM_REBOOT
2023-02-26T06:27:42Z,24,2023-03-02T20:25:54Z,UNPLANNED_MAINTENANCE
2023-02-27T22:42:22Z,24,2023-03-05T01:22:34Z,DIAGNOSTICS_COMPLETE
2023-03-01T15:55:47Z,24,2023-03-14T04:38:42Z,UNPLANNED_MAINTENANCE
2023-02-16T23:19:22Z,24,2023-03-20T02:10:01Z,SYSTEM_OVERLOAD
2023-02-15T01:42:46Z,24,2023-03-21T17:37:14Z,PLANNED_MAINTENANCE
2023-03-07T13:02:46Z,57,2023-02-07T13:25:41Z,DIAGNOSTICS_COMPLETE
2023-03-10T08:48:20Z,57,2023-02-11T11:22:50Z,UNPLANNED_MAINTENANCE
2023-03-21T13:41:26Z,57,2023-02-14T09:55:21Z,DIAGNOSTICS_COMPLETE
2023-02-10T10:51:03Z,57,2023-02-16T02:45:35Z,SYSTEM_REBOOT
2023-02-15T20:08:30Z,57,2023-02-21T11:14:33Z,PLANNED_MAINTENANCE
2023-02-26T10:52:30Z,57,2023-02-23T10:12:30Z,SYSTEM_OVERLOAD
2023-03-13T03:16:03Z,57,2023-02-23T16:57:42Z,PLANNED_MAINTENANCE
2023-02-20T02:08:26Z,57,2023-02-24T22:12:02Z,SYSTEM_OVERLOAD
2023-03-21T00:09:08Z,57,2023-02-25T19:55:20Z,SYSTEM_OVERLOAD
2023-03-06T03:46:10Z,57,2023-02-27T18:33:41Z,PLANNED_MAINTENANCE
2023-02-28T19:43:55Z,57,2023-02-28T10:49:59Z,DIAGNOSTICS_COMPLETE
2023-03-13T02:16:15Z,57,2023-03-04T19:22:42Z,PLANNED_MAINTENANCE
2023-03-14T15:16:51Z,57,2023-03-14T23:41:17Z,PLANNED_MAINTENANCE
2023-02-21T08:37:54Z,57,2023-03-17T13:39:30Z,DIAGNOSTICS_COMPLETE
2023-02-15T06:09:02Z,55,2023-02-10T21:09:03Z,SYSTEM_REBOOT
2023-02-06T10:08:53Z,55,2023-02-18T06:34:28Z,SYSTEM_REBOOT
2023-02-02T22:37:04Z,55,2023-02-22T02:54:48Z,PLANNED_MAINTENANCE
2023-03-06T19:36:31Z,55,2023-02-22T19:36:07Z,DIAGNOSTICS_COMPLETE
2023-02-09T20:07:58Z,55,2023-02-23T06:31:13Z,UNPLANNED_MAINTENANCE
2023-02-08T01:01:12Z,55,2023-02-24T22:33:49Z,UNPLANNED_MAINTENANCE
2023-02-07T12:52:17Z,55,2023-03-04T03:52:16Z,SYSTEM_OVERLOAD
2023-03-16T04:07:28Z,55,2023-03-06T10:54:42Z,DIAGNOSTICS_COMPLETE
2023-02-12T19:19:54Z,55,2023-03-07T21:31:50Z,DIAGNOSTICS_COMPLETE
2023-02-17T20:52:11Z,55,2023-03-08T06:58:13Z,PLANNED_MAINTENANCE
2023-02-04T04:18:15Z,55,2023-03-16T20:54:47Z,UNPLANNED_MAINTENANCE
2023-03-01T01:13:24Z,55,2023-03-18T08:12:46Z,SYSTEM_REBOOT
2023-02-26T18:20:35Z,55,2023-03-18T21:54:02Z,UNPLANNED_MAINTENANCE
2023-02-11T06:29:12Z,10,2023-02-02T01:20:55Z,PLANNED_MAINTENANCE
2023-02-15T17:46:44Z,10,2023-02-02T06:50:50Z,SYSTEM_OVERLOAD
2023-03-20T15:04:04Z,10,2023-02-03T15:44:27Z,SYSTEM_REBOOT
2023-02-27T13:09:11Z,10,2023-02-08T03:27:01Z,SYSTEM_REBOOT
2023-02-24T11:41:56Z,10,2023-02-22T01:07:33Z,DIAGNOSTICS_COMPLETE
2023-02-04T17:58:36Z,10,2023-02-22T17:25:35Z,PLANNED_MAINTENANCE
2023-03-08T01:36:22Z,10,2023-02-27T13:17:51Z,UNPLANNED_MAINTENANCE
2023-03-14T07:23:43Z,10,2023-02-27T15:36:18Z,UNPLANNED_MAINTENANCE
2023-03-12T21:59:30Z,10,2023-03-03T10:46:47Z,SYSTEM_OVERLOAD
2023-03-05T03:34:15Z,10,2023-03-04T01:42:48Z,DIAGNOSTICS_COMPLETE
2023-02-08T06:02:21Z,10,2023-03-04T23:18:33Z,UNPLANNED_MAINTENANCE
2023-02-03T19:05:22Z,10,2023-03-07T05:27:13Z,SYSTEM_OVERLOAD
2023-02-09T23:49:19Z,10,2023-03-10T13:11:59Z,SYSTEM_REBOOT
2023-03-18T15:51:56Z,10,2023-03-11T07:26:30Z,UNPLANNED_MAINTENANCE
2023-03-05T19:32:52Z,10,2023-03-12T16:49:52Z,SYSTEM_REBOOT
2023-02-21T17:18:29Z,10,2023-03-13T04:14:37Z,PLANNED_MAINTENANCE
2023-02-14T10:25:12Z,10,2023-03-19T15:23:41Z,UNPLANNED_MAINTENANCE
2023-02-15T23:11:26Z,10,2023-03-22T14:25:56Z,DIAGNOSTICS_COMPLETE
2023-02-18T09:11:56Z,10,2023-03-22T17:25:26Z,PLANNED_MAINTENANCE
2023-03-08T16:17:50Z,41,2023-02-07T19:30:12Z,PLANNED_MAINTENANCE
2023-02-05T19:20:18Z,41,2023-02-08T06:29:02Z,PLANNED_MAINTENANCE
2023-02-23T15:36:55Z,41,2023-02-13T03:30:42Z,SYSTEM_REBOOT
2023-03-20T11:08:50Z,41,2023-02-15T07:08:23Z,DIAGNOSTICS_COMPLETE
2023-03-09T07:35:53Z,41,2023-02-19T21:09:20Z,UNPLANNED_MAINTENANCE
2023-02-25T12:22:17Z,41,2023-02-22T02:28:01Z,UNPLANNED_MAINTENANCE
2023-02-27T18:24:03Z,41,2023-03-01T04:06:24Z,UNPLANNED_MAINTENANCE
2023-02-06T05:37:49Z,41,2023-03-01T23:29:33Z,SYSTEM_REBOOT
2023-02-28T12:29:40Z,41,2023-03-03T03:21:23Z,DIAGNOSTICS_COMPLETE
2023-02-18T09:37:46Z,41,2023-03-04T12:26:53Z,UNPLANNED_MAINTENANCE
2023-02-11T14:17:42Z,41,2023-03-05T10:38:06Z,UNPLANNED_MAINTENANCE
2023-02-10T22:04:37Z,41,2023-03-06T10:32:38Z,PLANNED_MAINTENANCE
2023-02-21T01:45:00Z,41,2023-03-06T14:45:34Z,SYSTEM_REBOOT
2023-02-16T00:28:02Z,41,2023-03-08T14:10:16Z,SYSTEM_REBOOT
2023-02-06T04:31:22Z,41,2023-03-14T15:51:24Z,SYSTEM_REBOOT
2023-02-23T16:23:12Z,41,2023-03-17T10:30:23Z,UNPLANNED_MAINTENANCE
2023-02-02T06:44:07Z,41,2023-03-17T22:59:00Z,UNPLANNED_MAINTENANCE
2023-03-05T01:10:10Z,79,2023-02-01T21:03:29Z,SYSTEM_REBOOT
2023-02-07T00:23:11Z,79,2023-02-02T09:38:03Z,SYSTEM_REBOOT
2023-03-04T10:56:50Z,79,2023-02-07T09:55:20Z,PLANNED_MAINTENANCE
2023-03-03T14:01:34Z,79,2023-02-07T14:24:21Z,PLANNED_MAINTENANCE
2023-02-14T15:46:49Z,79,2023-02-11T05:06:53Z,UNPLANNED_MAINTENANCE
2023-03-05T16:03:53Z,79,2023-02-15T14:54:53Z,SYSTEM_OVERLOAD
2023-02-23T11:36:50Z,79,2023-02-16T00:11:22Z,DIAGNOSTICS_COMPLETE
2023-02-14T17:03:26Z,79,2023-02-19T15:17:44Z,DIAGNOSTICS_COMPLETE
2023-03-20T14:11:57Z,79,2023-02-22T18:58:34Z,SYSTEM_REBOOT
2023-03-07T13:36:25Z,79,2023-02-26T19:35:34Z,SYSTEM_OVERLOAD
2023-02-18T06:01:32Z,79,2023-02-27T11:04:29Z,PLANNED_MAINTENANCE
2023-02-16T03:33:35Z,79,2023-03-02T07:27:42Z,PLANNED_MAINTENANCE
2023-02-17T08:22:23Z,79,2023-03-05T09:09:06Z,SYSTEM_REBOOT
2023-03-21T07:11:23Z,79,2023-03-08T00:06:17Z,SYSTEM_REBOOT
2023-03-05T10:53:45Z,79,2023-03-09T03:49:36Z,PLANNED_MAINTENANCE
2023-02-01T08:25:15Z,79,2023-03-09T11:49:06Z,SYSTEM_REBOOT
2023-02-09T10:47:14Z,79,2023-03-10T23:58:16Z,SYSTEM_OVERLOAD
2023-03-21T05:17:47Z,79,2023-03-11T16:32:05Z,SYSTEM_OVERLOAD
2023-02-04T15:24:54Z,79,2023-03-20T08:52:24Z,SYSTEM_REBOOT
2023-02-24T20:16:55Z,79,2023-03-22T01:51:26Z,UNPLANNED_MAINTENANCE
2023-02-17T07:46:12Z,2,2023-02-06T14:54:37Z,SYSTEM_REBOOT
2023-02-03T00:35:37Z,2,2023-02-06T23:54:11Z,UNPLANNED_MAINTENANCE
2023-03-17T07:47:24Z,2,2023-02-09T12:29:16Z,SYSTEM_REBOOT
2023-02-01T18:11:29Z,2,2023-02-10T12:41:23Z,SYSTEM_OVERLOAD
2023-03-09T22:03:33Z,2,2023-02-15T07:00:09Z,DIAGNOSTICS_COMPLETE
2023-02-21T04:03:13Z,2,2023-02-20T14:38:59Z,SYSTEM_REBOOT
2023-02-17T03:31:47Z,2,2023-02-23T21:51:38Z,DIAGNOSTICS_COMPLETE
2023-02-26T15:19:10Z,2,2023-02-28T08:46:58Z,SYSTEM_REBOOT
2023-02-21T07:58:45Z,2,2023-02-28T09:27:52Z,PLANNED_MAINTENANCE
2023-03-15T05:03:46Z,2,2023-03-05T15:13:47Z,PLANNED_MAINTENANCE
2023-03-12T00:13:02Z,2,2023-03-05T15:50:30Z,SYSTEM_REBOOT
2023-03-14T12:18:49Z,2,2023-03-10T23:03:40Z,SYSTEM_OVERLOAD
2023-03-14T21:20:33Z,2,2023-03-15T11:33:56Z,SYSTEM_REBOOT
2023-02-02T21:32:46Z,2,2023-03-17T08:40:13Z,UNPLANNED_MAINTENANCE
2023-02-21T13:28:54Z,2,2023-03-19T07:41:01Z,SYSTEM_REBOOT
2023-03-15T14:31:51Z,2,2023-03-22T14:32:08Z,SYSTEM_REBOOT
2023-03-02T09:48:16Z,72,2023-02-06T00:59:03Z,UNPLANNED_MAINTENANCE
2023-02-21T03:31:59Z,72,2023-02-08T23:29:03Z,DIAGNOSTICS_COMPLETE
2023-03-16T23:05:17Z,72,2023-02-09T11:04:23Z,UNPLANNED_MAINTENANCE
2023-02-24T21:21:37Z,72,2023-02-11T03:00:05Z,SYSTEM_REBOOT
2023-02-09T04:32:25Z,72,2023-02-13T20:14:14Z,DIAGNOSTICS_COMPLETE
2023-02-22T20:10:13Z,72,2023-02-15T10:26:09Z,SYSTEM_REBOOT
2023-02-07T17:42:58Z,72,2023-02-17T13:50:36Z,UNPLANNED_MAINTENANCE
2023-03-10T10:55:15Z,72,2023-02-18T09:23:47Z,UNPLANNED_MAINTENANCE
2023-02-18T02:03:02Z,72,2023-02-23T07:54:49Z,SYSTEM_REBOOT
2023-02-15T22:43:38Z,72,2023-03-01T20:15:27Z,SYSTEM_REBOOT
2023-02-14T10:54:25Z,72,2023-03-10T09:05:54Z,DIAGNOSTICS_COMPLETE
2023-02-17T04:55:33Z,72,2023-03-14T17:27:07Z,PLANNED_MAINTENANCE
2023-02-15T05:46:28Z,72,2023-03-17T00:30:45Z,UNPLANNED_MAINTENANCE
2023-02-24T05:14:25Z,72,2023-03-17T21:55:08Z,PLANNED_MAINTENANCE
2023-02-15T09:42:46Z,72,2023-03-19T11:55:54Z,PLANNED_MAINTENANCE
2023-03-07T19:59:48Z,49,2023-02-01T23:39:03Z,SYSTEM_OVERLOAD
2023-03-04T18:00:32Z,49,2023-02-05T07:00:18Z,PLANNED_MAINTENANCE
2023-02-04T11:29:29Z,49,2023-02-05T08:40:56Z,SYSTEM_REBOOT
2023-02-11T08:20:42Z,49,2023-02-05T11:38:55Z,SYSTEM_OVERLOAD
2023-02-09T23:54:28Z,49,2023-02-05T23:32:33Z,UNPLANNED_MAINTENANCE
2023-03-21T04:06:23Z,49,2023-02-06T10:52:36Z,DIAGNOSTICS_COMPLETE
2023-03-06T06:43:41Z,49,2023-02-11T20:24:24Z,UNPLANNED_MAINTENANCE
2023-03-12T06:21:30Z,49,2023-02-13T01:14:37Z,UNPLANNED_MAINTENANCE
2023-02-21T04:39:45Z,49,2023-02-15T16:52:37Z,SYSTEM_REBOOT
2023-02-09T01:27:25Z,49,2023-02-17T19:59:30Z,DIAGNOSTICS_COMPLETE
2023-02-19T18:52:18Z,49,2023-02-26T09:24:45Z,DIAGNOSTICS_COMPLETE
2023-02-02T04:12:43Z,49,2023-02-26T10:31:45Z,SYSTEM_REBOOT
2023-03-09T08:27:35Z,49,2023-02-26T19:13:48Z,UNPLANNED_MAINTENANCE
2023-02-27T11:05:40Z,49,2023-03-05T22:23:23Z,DIAGNOSTICS_COMPLETE
2023-02-28T07:59:45Z,49,2023-03-06T01:39:16Z,UNPLANNED_MAINTENANCE
2023-03-21T13:53:37Z,49,2023-03-10T01:20:08Z,UNPLANNED_MAINTENANCE
2023-03-12T03:01:36Z,49,2023-03-14T07:40:04Z,PLANNED_MAINTENANCE
2023-02-17T06:57:19Z,49,2023-03-17T05:50:35Z,DIAGNOSTICS_COMPLETE
2023-02-05T22:58:52Z,12,2023-02-01T18:05:44Z,DIAGNOSTICS_COMPLETE
2023-03-20T05:59:16Z,12,2023-02-03T17:26:10Z,UNPLANNED_MAINTENANCE
2023-02-12T00:07:22Z,12,2023-02-06T06:47:22Z,UNPLANNED_MAINTENANCE
2023-02-08T22:25:43Z,12,2023-02-09T18:25:24Z,SYSTEM_OVERLOAD
2023-03-16T13:07:20Z,12,2023-02-10T01:13:33Z,PLANNED_MAINTENANCE
2023-02-06T03:51:33Z,12,2023-02-11T21:24:47Z,SYSTEM_REBOOT
2023-02-10T05:25:33Z,12,2023-02-13T07:02:40Z,SYSTEM_REBOOT
2023-03-02T22:06:21Z,12,2023-02-17T06:21:45Z,UNPLANNED_MAINTENANCE
2023-02-08T09:32:42Z,12,2023-02-24T23:41:26Z,SYSTEM_REBOOT
2023-02-06T20:26:44Z,12,2023-02-27T07:41:01Z,PLANNED_MAINTENANCE
2023-03-08T22:50:55Z,12,2023-03-10T20:49:12Z,UNPLANNED_MAINTENANCE
2023-02-14T14:27:53Z,12,2023-03-15T08:31:45Z,UNPLANNED_MAINTENANCE
2023-02-09T19:57:07Z,12,2023-03-15T22:57:20Z,DIAGNOSTICS_COMPLETE
2023-02-25T20:41:23Z,12,2023-03-16T13:28:27Z,PLANNED_MAINTENANCE
2023-03-21T06:25:09Z,12,2023-03-16T20:17:44Z,PLANNED_MAINTENANCE
2023-02-20T22:05:49Z,12,2023-03-18T18:45:41Z,PLANNED_MAINTENANCE
2023-03-20T19:08:22Z,47,2023-02-11T02:48:20Z,DIAGNOSTICS_COMPLETE
2023-03-04T08:46:13Z,47,2023-02-13T09:04:15Z,SYSTEM_OVERLOAD
2023-02-21T19:48:18Z,47,2023-02-14T21:28:44Z,UNPLANNED_MAINTENANCE
2023-02-27T11:50:30Z,47,2023-02-16T21:04:03Z,SYSTEM_REBOOT
2023-03-08T23:11:52Z,47,2023-02-17T00:27:54Z,SYSTEM_REBOOT
2023-03-20T09:26:36Z,47,2023-02-24T15:53:25Z,SYSTEM_REBOOT
2023-03-17T08:33:51Z,47,2023-02-25T01:28:11Z,SYSTEM_OVERLOAD
2023-02-07T07:44:28Z,47,2023-02-27T01:44:49Z,SYSTEM_REBOOT
2023-02-08T12:19:58Z,47,2023-03-04T11:43:14Z,SYSTEM_REBOOT
2023-03-03T00:21:28Z,47,2023-03-05T14:29:38Z,PLANNED_MAINTENANCE
2023-03-07T00:16:34Z,47,2023-03-08T23:00:55Z,UNPLANNED_MAINTENANCE
2023-02-23T09:40:15Z,47,2023-03-11T12:18:34Z,SYSTEM_REBOOT
2023-02-14T02:58:57Z,47,2023-03-20T16:42:03Z,PLANNED_MAINTENANCE
2023-02-14T14:53:53Z,47,2023-03-22T13:28:18Z,UNPLANNED_MAINTENANCE
2023-03-08T17:16:46Z,0,2023-02-03T05:08:43Z,DIAGNOSTICS_COMPLETE
2023-02-08T18:38:14Z,0,2023-02-07T03:23:07Z,SYSTEM_OVERLOAD
2023-03-20T03:44:55Z,0,2023-02-10T20:51:57Z,DIAGNOSTICS_COMPLETE
2023-03-12T04:02:07Z,0,2023-02-14T10:10:50Z,SYSTEM_OVERLOAD
2023-02-05T21:21:19Z,0,2023-02-20T07:37:01Z,DIAGNOSTICS_COMPLETE
2023-02-25T18:06:12Z,0,2023-02-23T01:25:07Z,DIAGNOSTICS_COMPLETE
2023-03-11T18:18:45Z,0,2023-03-01T23:29:52Z,SYSTEM_REBOOT
2023-02-15T14:26:49Z,0,2023-03-04T15:42:23Z,DIAGNOSTICS_COMPLETE
2023-03-07T21:58:59Z,0,2023-03-13T15:21:39Z,UNPLANNED_MAINTENANCE
2023-03-19T14:38:48Z,0,2023-03-17T12:28:11Z,SYSTEM_REBOOT
2023-02-21T22:55:47Z,62,2023-02-12T15:51:38Z,SYSTEM_REBOOT
2023-02-04T12:28:47Z,62,2023-02-13T04:35:41Z,UNPLANNED_MAINTENANCE
2023-02-13T19:32:33Z,62,2023-02-13T06:20:10Z,UNPLANNED_MAINTENANCE
2023-02-08T03:26:42Z,62,2023-02-18T07:38:50Z,PLANNED_MAINTENANCE
2023-02-08T18:32:53Z,62,2023-02-18T11:46:36Z,UNPLANNED_MAINTENANCE
2023-02-09T17:27:56Z,62,2023-03-01T07:34:53Z,DIAGNOSTICS_COMPLETE
2023-03-13T16:54:44Z,62,2023-03-01T12:37:25Z,DIAGNOSTICS_COMPLETE
2023-03-01T23:20:22Z,62,2023-03-01T22:14:17Z,SYSTEM_REBOOT
2023-02-10T01:48:08Z,62,2023-03-01T22:28:21Z,PLANNED_MAINTENANCE
2023-02-22T19:25:24Z,62,2023-03-03T23:54:16Z,SYSTEM_REBOOT
2023-02-20T15:24:50Z,62,2023-03-05T21:18:17Z,SYSTEM_REBOOT
2023-02-22T21:14:07Z,62,2023-03-15T10:12:08Z,DIAGNOSTICS_COMPLETE
2023-02-07T22:35:42Z,62,2023-03-18T05:44:10Z,SYSTEM_OVERLOAD
2023-02-04T12:05:50Z,62,2023-03-19T09:42:32Z,SYSTEM_REBOOT
2023-02-03T23:06:19Z,32,2023-02-01T10:51:12Z,PLANNED_MAINTENANCE
2023-03-10T10:53:14Z,32,2023-02-02T19:23:03Z,PLANNED_MAINTENANCE
2023-02-06T08:24:15Z,32,2023-02-03T06:18:08Z,PLANNED_MAINTENANCE
2023-02-19T22:01:06Z,32,2023-02-05T13:03:39Z,DIAGNOSTICS_COMPLETE
2023-02-27T06:49:24Z,32,2023-02-05T18:40:04Z,DIAGNOSTICS_COMPLETE
2023-02-20T06:01:26Z,32,2023-02-14T03:27:25Z,SYSTEM_REBOOT
2023-03-03T23:50:02Z,32,2023-02-14T22:57:33Z,SYSTEM_REBOOT
2023-02-21T14:56:45Z,32,2023-02-17T03:42:26Z,SYSTEM_REBOOT
2023-02-25T23:28:14Z,32,2023-02-17T12:02:20Z,UNPLANNED_MAINTENANCE
2023-03-19T21:17:38Z,32,2023-02-17T15:16:08Z,DIAGNOSTICS_COMPLETE
2023-03-04T16:42:38Z,32,2023-02-17T22:44:28Z,SYSTEM_OVERLOAD
2023-02-21T08:22:31Z,32,2023-02-22T01:20:26Z,UNPLANNED_MAINTENANCE
2023-03-22T09:32:18Z,32,2023-02-26T16:58:42Z,PLANNED_MAINTENANCE
2023-03-02T21:46:46Z,32,2023-02-28T18:45:40Z,SYSTEM_REBOOT
2023-02-15T13:49:02Z,32,2023-03-02T00:43:02Z,SYSTEM_OVERLOAD
2023-02-07T00:54:55Z,32,2023-03-06T17:05:10Z,PLANNED_MAINTENANCE
2023-02-23T07:57:12Z,32,2023-03-13T10:05:10Z,SYSTEM_OVERLOAD
2023-02-21T00:16:32Z,32,2023-03-15T06:42:06Z,UNPLANNED_MAINTENANCE
2023-02-02T10:48:14Z,32,2023-03-16T07:45:40Z,DIAGNOSTICS_COMPLETE
2023-03-21T14:00:09Z,32,2023-03-18T04:39:44Z,SYSTEM_REBOOT
2023-03-07T10:56:15Z,48,2023-02-11T03:08:43Z,PLANNED_MAINTENANCE
2023-03-11T18:40:43Z,48,2023-02-13T19:51:54Z,UNPLANNED_MAINTENANCE
2023-03-05T17:37:04Z,48,2023-02-15T22:33:19Z,PLANNED_MAINTENANCE
2023-03-08T23:29:11Z,48,2023-02-16T17:06:55Z,SYSTEM_OVERLOAD
2023-03-09T03:13:45Z,48,2023-02-16T23:44:34Z,SYSTEM_OVERLOAD
2023-02-26T04:22:08Z,48,2023-02-18T14:28:47Z,SYSTEM_OVERLOAD
2023-02-26T21:38:56Z,48,2023-02-22T11:22:39Z,PLANNED_MAINTENANCE
2023-03-21T18:48:40Z,48,2023-02-22T16:20:54Z,PLANNED_MAINTENANCE
2023-03-05T02:19:57Z,48,2023-02-23T21:44:27Z,UNPLANNED_MAINTENANCE
2023-03-19T12:22:26Z,48,2023-02-27T22:07:58Z,UNPLANNED_MAINTENANCE
2023-02-15T05:28:14Z,48,2023-03-01T07:15:25Z,SYSTEM_REBOOT
2023-03-13T04:47:47Z,48,2023-03-05T03:35:10Z,SYSTEM_REBOOT
2023-02-18T06:18:57Z,48,2023-03-05T14:57:01Z,DIAGNOSTICS_COMPLETE
2023-02-23T06:53:28Z,48,2023-03-12T04:36:09Z,SYSTEM_REBOOT
2023-02-04T14:20:34Z,48,2023-03-17T14:58:59Z,DIAGNOSTICS_COMPLETE
2023-02-23T00:48:30Z,48,2023-03-17T21:16:52Z,SYSTEM_OVERLOAD
2023-02-10T05:00:39Z,48,2023-03-21T05:29:55Z,SYSTEM_REBOOT
2023-03-18T22:51:52Z,44,2023-02-03T03:27:54Z,PLANNED_MAINTENANCE
2023-02-02T23:46:39Z,44,2023-02-03T10:28:11Z,SYSTEM_REBOOT
2023-02-08T03:22:30Z,44,2023-02-11T10:13:37Z,PLANNED_MAINTENANCE
2023-02-05T09:06:00Z,44,2023-02-14T03:20:20Z,DIAGNOSTICS_COMPLETE
2023-02-10T20:00:28Z,44,2023-02-15T07:43:22Z,DIAGNOSTICS_COMPLETE
2023-03-09T13:04:21Z,44,2023-02-15T12:00:56Z,UNPLANNED_MAINTENANCE
2023-02-11T21:43:43Z,44,2023-02-17T13:24:19Z,PLANNED_MAINTENANCE
2023-03-18T23:43:17Z,44,2023-02-22T15:18:57Z,SYSTEM_REBOOT
2023-03-10T12:55:25Z,44,2023-02-26T06:33:00Z,UNPLANNED_MAINTENANCE
2023-02-10T09:19:43Z,44,2023-02-27T18:13:51Z,SYSTEM_OVERLOAD
2023-02-16T10:03:56Z,44,2023-02-27T18:52:14Z,PLANNED_MAINTENANCE
2023-03-20T17:55:42Z,44,2023-03-02T16:58:37Z,DIAGNOSTICS_COMPLETE
2023-03-17T17:46:33Z,44,2023-03-06T22:50:56Z,SYSTEM_OVERLOAD
2023-02-07T04:10:09Z,44,2023-03-07T13:11:51Z,DIAGNOSTICS_COMPLETE
2023-02-24T05:06:11Z,44,2023-03-08T01:59:34Z,PLANNED_MAINTENANCE
2023-02-23T15:24:10Z,44,2023-03-09T14:29:09Z,SYSTEM_OVERLOAD
2023-02-13T07:04:23Z,44,2023-03-10T14:29:41Z,DIAGNOSTICS_COMPLETE
2023-03-19T07:42:30Z,44,2023-03-19T19:46:50Z,UNPLANNED_MAINTENANCE
2023-02-24T00:38:08Z,44,2023-03-20T11:44:07Z,UNPLANNED_MAINTENANCE
2023-02-05T01:30:52Z,44,2023-03-21T11:31:34Z,SYSTEM_OVERLOAD
2023-03-12T10:58:14Z,18,2023-02-05T07:05:32Z,SYSTEM_REBOOT
2023-02-15T10:26:35Z,18,2023-02-09T04:09:47Z,UNPLANNED_MAINTENANCE
2023-02-26T15:54:11Z,18,2023-02-10T00:29:58Z,PLANNED_MAINTENANCE
2023-02-24T21:19:22Z,18,2023-02-10T09:02:05Z,UNPLANNED_MAINTENANCE
2023-02-09T15:24:39Z,18,2023-02-15T13:12:25Z,SYSTEM_OVERLOAD
2023-03-01T08:56:22Z,18,2023-02-17T03:26:05Z,SYSTEM_REBOOT
2023-02-10T05:53:29Z,18,2023-02-24T00:03:15Z,SYSTEM_REBOOT
2023-03-02T00:37:57Z,18,2023-02-28T08:46:48Z,DIAGNOSTICS_COMPLETE
2023-03-20T04:42:52Z,18,2023-03-02T17:16:47Z,PLANNED_MAINTENANCE
2023-03-05T16:05:52Z,18,2023-03-03T14:32:33Z,DIAGNOSTICS_COMPLETE
2023-02-26T10:33:40Z,18,2023-03-05T22:41:36Z,DIAGNOSTICS_COMPLETE
2023-03-06T18:19:02Z,18,2023-03-07T17:06:34Z,DIAGNOSTICS_COMPLETE
2023-02-04T07:15:28Z,18,2023-03-16T03:40:30Z,DIAGNOSTICS_COMPLETE
2023-03-08T10:54:41Z,18,2023-03-22T21:18:30Z,SYSTEM_OVERLOAD
2023-03-16T15:12:41Z,14,2023-02-04T01:12:37Z,PLANNED_MAINTENANCE
2023-02-20T14:31:21Z,14,2023-02-05T08:19:36Z,SYSTEM_OVERLOAD
2023-02-27T04:02:35Z,14,2023-02-06T18:27:51Z,PLANNED_MAINTENANCE
2023-03-15T18:05:42Z,14,2023-02-09T10:56:40Z,SYSTEM_REBOOT
2023-03-22T13:00:16Z,14,2023-02-11T02:19:05Z,SYSTEM_OVERLOAD
2023-03-17T09:09:08Z,14,2023-02-22T02:13:36Z,DIAGNOSTICS_COMPLETE
2023-02-10T12:53:27Z,14,2023-02-24T13:16:33Z,SYSTEM_OVERLOAD
2023-02-19T07:10:43Z,14,2023-02-27T06:46:09Z,DIAGNOSTICS_COMPLETE
2023-02-13T10:54:21Z,14,2023-02-27T14:21:40Z,UNPLANNED_MAINTENANCE
2023-02-10T09:15:18Z,14,2023-03-02T14:30:39Z,SYSTEM_REBOOT
2023-02-04T13:56:22Z,14,2023-03-07T06:14:01Z,UNPLANNED_MAINTENANCE
2023-03-12T06:55:52Z,14,2023-03-07T14:54:49Z,PLANNED_MAINTENANCE
2023-03-08T01:02:55Z,14,2023-03-11T01:35:09Z,SYSTEM_OVERLOAD
2023-03-07T09:39:38Z,14,2023-03-11T06:51:03Z,SYSTEM_OVERLOAD
2023-03-05T05:17:07Z,14,2023-03-16T10:37:43Z,SYSTEM_OVERLOAD
2023-02-03T11:31:47Z,14,2023-03-18T00:45:32Z,SYSTEM_REBOOT
2023-02-08T08:19:46Z,14,2023-03-19T14:15:22Z,SYSTEM_OVERLOAD
2023-02-03T23:54:59Z,75,2023-02-04T09:45:54Z,DIAGNOSTICS_COMPLETE
2023-02-10T13:26:24Z,75,2023-02-04T10:48:14Z,SYSTEM_OVERLOAD
2023-02-08T00:47:46Z,75,2023-02-04T17:31:09Z,SYSTEM_REBOOT
2023-02-24T01:05:12Z,75,2023-02-04T20:15:49Z,UNPLANNED_MAINTENANCE
2023-02-25T01:48:29Z,75,2023-02-07T06:42:14Z,UNPLANNED_MAINTENANCE
2023-03-08T01:24:50Z,75,2023-02-16T09:01:00Z,UNPLANNED_MAINTENANCE
2023-03-04T22:40:45Z,75,2023-02-18T02:33:29Z,UNPLANNED_MAINTENANCE
2023-03-15T15:12:36Z,75,2023-02-18T05:27:23Z,UNPLANNED_MAINTENANCE
2023-03-09T12:57:55Z,75,2023-02-19T09:30:09Z,SYSTEM_REBOOT
2023-02-16T00:37:54Z,75,2023-02-20T21:55:35Z,DIAGNOSTICS_COMPLETE
2023-03-16T04:21:01Z,75,2023-02-22T05:18:25Z,PLANNED_MAINTENANCE
2023-02-16T04:02:13Z,75,2023-03-04T13:52:40Z,DIAGNOSTICS_COMPLETE
2023-03-21T12:12:01Z,75,2023-03-04T18:18:37Z,SYSTEM_OVERLOAD
2023-02-15T16:11:40Z,75,2023-03-08T10:41:15Z,UNPLANNED_MAINTENANCE
2023-02-25T19:39:04Z,75,2023-03-12T18:29:27Z,PLANNED_MAINTENANCE
2023-02-21T10:33:58Z,75,2023-03-18T07:55:06Z,SYSTEM_OVERLOAD
2023-02-11T21:41:16Z,75,2023-03-20T07:26:51Z,DIAGNOSTICS_COMPLETE
2023-02-14T03:30:59Z,73,2023-02-01T21:23:51Z,DIAGNOSTICS_COMPLETE
2023-02-15T03:21:43Z,73,2023-02-04T12:38:17Z,DIAGNOSTICS_COMPLETE
2023-03-22T15:29:02Z,73,2023-02-05T19:27:38Z,DIAGNOSTICS_COMPLETE
2023-02-03T17:59:10Z,73,2023-02-07T17:57:20Z,DIAGNOSTICS_COMPLETE
2023-03-21T13:43:55Z,73,2023-02-10T02:48:36Z,PLANNED_MAINTENANCE
2023-03-13T15:11:50Z,73,2023-02-13T09:08:25Z,SYSTEM_REBOOT
2023-02-13T04:45:30Z,73,2023-02-16T09:43:45Z,SYSTEM_OVERLOAD
2023-02-14T17:40:06Z,73,2023-02-20T20:04:17Z,SYSTEM_REBOOT
2023-02-01T12:35:48Z,73,2023-02-20T21:08:04Z,SYSTEM_REBOOT
2023-02-06T02:30:06Z,73,2023-02-25T18:26:55Z,SYSTEM_REBOOT
2023-02-17T07:15:35Z,73,2023-02-27T10:02:48Z,SYSTEM_REBOOT
2023-02-13T23:46:00Z,73,2023-03-06T20:41:03Z,SYSTEM_OVERLOAD
2023-03-18T15:04:22Z,73,2023-03-08T04:16:28Z,PLANNED_MAINTENANCE
2023-02-19T13:18:34Z,73,2023-03-08T15:03:42Z,PLANNED_MAINTENANCE
2023-03-05T19:40:23Z,73,2023-03-13T13:56:40Z,SYSTEM_OVERLOAD
2023-03-05T18:58:24Z,73,2023-03-16T05:18:59Z,SYSTEM_OVERLOAD
2023-03-16T22:53:00Z,73,2023-03-18T00:19:54Z,UNPLANNED_MAINTENANCE
2023-02-26T06:18:24Z,73,2023-03-21T11:44:32Z,UNPLANNED_MAINTENANCE
2023-02-21T03:53:59Z,73,2023-03-22T02:35:53Z,SYSTEM_REBOOT
2023-02-03T02:03:49Z,77,2023-02-02T08:04:58Z,PLANNED_MAINTENANCE
2023-02-28T21:46:30Z,77,2023-02-04T20:34:19Z,SYSTEM_OVERLOAD
2023-02-24T16:06:31Z,77,2023-02-07T07:41:45Z,DIAGNOSTICS_COMPLETE
2023-03-09T16:51:00Z,77,2023-02-08T14:00:11Z,DIAGNOSTICS_COMPLETE
2023-03-04T09:25:10Z,77,2023-02-18T08:00:19Z,PLANNED_MAINTENANCE
2023-03-08T09:10:35Z,77,2023-02-19T14:06:09Z,SYSTEM_REBOOT
2023-03-05T04:23:01Z,77,2023-02-22T06:53:00Z,SYSTEM_OVERLOAD
2023-03-06T21:47:12Z,77,2023-02-26T03:32:24Z,SYSTEM_OVERLOAD
2023-02-27T19:51:34Z,77,2023-02-27T20:41:23Z,DIAGNOSTICS_COMPLETE
2023-02-25T04:56:58Z,77,2023-03-02T08:38:55Z,DIAGNOSTICS_COMPLETE
2023-02-08T12:15:21Z,77,2023-03-03T10:20:30Z,SYSTEM_OVERLOAD
2023-03-01T14:44:39Z,77,2023-03-07T04:43:52Z,SYSTEM_REBOOT
2023-02-07T03:20:33Z,77,2023-03-19T12:58:18Z,DIAGNOSTICS_COMPLETE
2023-03-13T06:10:25Z,77,2023-03-21T01:19:35Z,SYSTEM_REBOOT
2023-03-19T10:36:17Z,74,2023-02-15T05:44:50Z,SYSTEM_OVERLOAD
2023-03-04T22:46:40Z,74,2023-02-15T08:32:10Z,SYSTEM_REBOOT
2023-02-21T05:17:25Z,74,2023-02-16T01:30:16Z,UNPLANNED_MAINTENANCE
2023-02-24T16:59:00Z,74,2023-02-17T08:16:23Z,UNPLANNED_MAINTENANCE
2023-02-20T13:35:01Z,74,2023-02-22T04:09:34Z,UNPLANNED_MAINTENANCE
2023-02-26T10:54:33Z,74,2023-02-28T13:12:08Z,PLANNED_MAINTENANCE
2023-03-15T05:31:58Z,74,2023-03-03T11:45:50Z,SYSTEM_REBOOT
2023-03-21T14:07:20Z,74,2023-03-05T15:22:50Z,DIAGNOSTICS_COMPLETE
2023-02-19T18:46:56Z,74,2023-03-11T10:51:36Z,UNPLANNED_MAINTENANCE
2023-03-14T17:20:41Z,74,2023-03-22T18:53:34Z,SYSTEM_OVERLOAD
2023-02-26T22:49:39Z,53,2023-02-03T13:15:36Z,SYSTEM_OVERLOAD
2023-03-10T03:35:29Z,53,2023-02-03T13:36:33Z,DIAGNOSTICS_COMPLETE
2023-02-18T21:06:03Z,53,2023-02-06T09:31:37Z,DIAGNOSTICS_COMPLETE
2023-03-21T12:01:44Z,53,2023-02-12T05:13:22Z,SYSTEM_OVERLOAD
2023-02-17T02:25:49Z,53,2023-02-16T09:09:55Z,UNPLANNED_MAINTENANCE
2023-02-04T18:57:39Z,53,2023-02-17T04:09:03Z,SYSTEM_OVERLOAD
2023-03-08T01:09:51Z,53,2023-02-22T06:34:11Z,UNPLANNED_MAINTENANCE
2023-03-16T03:01:51Z,53,2023-02-23T06:13:38Z,PLANNED_MAINTENANCE
2023-03-07T09:42:59Z,53,2023-02-23T22:17:33Z,SYSTEM_REBOOT
2023-03-01T15:54:18Z,53,2023-02-25T17:56:49Z,PLANNED_MAINTENANCE
2023-03-15T21:09:27Z,53,2023-02-28T17:16:38Z,SYSTEM_OVERLOAD
2023-02-20T15:06:52Z,53,2023-03-01T22:05:35Z,PLANNED_MAINTENANCE
2023-03-18T11:52:47Z,53,2023-03-02T05:42:33Z,PLANNED_MAINTENANCE
2023-03-09T15:14:48Z,53,2023-03-03T21:56:21Z,UNPLANNED_MAINTENANCE
2023-02-11T06:10:09Z,53,2023-03-04T05:42:05Z,UNPLANNED_MAINTENANCE
2023-03-08T12:30:49Z,53,2023-03-07T20:06:51Z,UNPLANNED_MAINTENANCE
2023-03-04T04:08:49Z,53,2023-03-11T14:15:50Z,SYSTEM_REBOOT
2023-02-07T23:35:32Z,53,2023-03-11T23:47:29Z,SYSTEM_REBOOT
2023-03-04T23:13:14Z,53,2023-03-12T20:55:49Z,DIAGNOSTICS_COMPLETE
2023-03-17T15:28:09Z,53,2023-03-19T04:19:44Z,DIAGNOSTICS_COMPLETE
2023-02-01T17:58:19Z,5,2023-02-02T16:48:39Z,SYSTEM_REBOOT
2023-02-23T07:48:52Z,5,2023-02-04T11:38:45Z,PLANNED_MAINTENANCE
2023-03-04T10:59:44Z,5,2023-02-04T18:06:55Z,DIAGNOSTICS_COMPLETE
2023-03-04T07:58:28Z,5,2023-02-07T09:01:23Z,SYSTEM_OVERLOAD
2023-02-05T15:12:14Z,5,2023-02-07T13:35:31Z,DIAGNOSTICS_COMPLETE
2023-03-05T20:47:07Z,5,2023-02-10T06:29:55Z,PLANNED_MAINTENANCE
2023-03-16T00:39:07Z,5,2023-02-18T10:39:58Z,UNPLANNED_MAINTENANCE
2023-02-25T20:00:13Z,5,2023-02-20T14:31:55Z,UNPLANNED_MAINTENANCE
2023-03-09T16:43:36Z,5,2023-02-21T03:04:54Z,SYSTEM_OVERLOAD
2023-02-09T04:32:51Z,5,2023-02-26T05:06:21Z,UNPLANNED_MAINTENANCE
2023-03-06T12:08:50Z,5,2023-02-26T13:31:58Z,PLANNED_MAINTENANCE
2023-02-13T18:18:25Z,5,2023-03-03T02:54:48Z,SYSTEM_REBOOT
2023-03-15T05:24:51Z,5,2023-03-12T05:23:31Z,SYSTEM_REBOOT
2023-02-19T07:44:19Z,5,2023-03-13T22:09:32Z,PLANNED_MAINTENANCE
2023-02-19T01:54:51Z,5,2023-03-17T07:26:24Z,PLANNED_MAINTENANCE
2023-02-27T17:55:39Z,5,2023-03-18T17:17:02Z,PLANNED_MAINTENANCE
2023-03-18T04:00:34Z,5,2023-03-22T19:28:33Z,SYSTEM_REBOOT
2023-02-03T11:18:56Z,13,2023-02-05T04:15:03Z,SYSTEM_OVERLOAD
2023-02-06T13:47:39Z,13,2023-02-05T07:14:40Z,SYSTEM_REBOOT
2023-02-12T03:27:50Z,13,2023-02-05T21:38:35Z,PLANNED_MAINTENANCE
2023-03-22T06:56:16Z,13,2023-02-08T07:20:19Z,SYSTEM_OVERLOAD
2023-03-20T18:08:37Z,13,2023-02-13T21:06:01Z,SYSTEM_REBOOT
2023-02-10T12:30:15Z,13,2023-02-15T15:49:25Z,PLANNED_MAINTENANCE
2023-02-08T16:58:36Z,13,2023-02-16T01:58:06Z,SYSTEM_OVERLOAD
2023-03-09T19:37:54Z,13,2023-02-18T05:46:37Z,SYSTEM_OVERLOAD
2023-02-10T08:24:05Z,13,2023-02-19T12:17:34Z,PLANNED_MAINTENANCE
2023-03-07T23:09:06Z,13,2023-02-19T20:57:56Z,DIAGNOSTICS_COMPLETE
2023-03-07T08:15:39Z,13,2023-02-25T18:26:00Z,SYSTEM_OVERLOAD
2023-03-06T18:21:28Z,13,2023-02-28T16:35:12Z,SYSTEM_OVERLOAD
2023-03-15T11:53:56Z,13,2023-02-28T18:47:20Z,SYSTEM_OVERLOAD
2023-02-10T18:22:07Z,13,2023-03-03T18:54:48Z,PLANNED_MAINTENANCE
2023-02-15T04:22:18Z,13,2023-03-04T08:23:31Z,SYSTEM_REBOOT
2023-02-12T14:08:40Z,13,2023-03-05T22:59:33Z,SYSTEM_OVERLOAD
2023-02-24T01:18:56Z,13,2023-03-11T05:30:06Z,PLANNED_MAINTENANCE
2023-02-15T07:40:15Z,13,2023-03-16T06:21:30Z,UNPLANNED_MAINTENANCE
2023-02-03T14:43:23Z,13,2023-03-18T07:59:46Z,DIAGNOSTICS_COMPLETE
2023-02-03T11:18:56Z,13,2023-02-05T04:15:03Z,SYSTEM_OVERLOAD
2023-02-06T13:47:39Z,13,2023-02-05T07:14:40Z,SYSTEM_REBOOT
2023-02-12T03:27:50Z,13,2023-02-05T21:38:35Z,PLANNED_MAINTENANCE
2023-03-22T06:56:16Z,13,2023-02-08T07:20:19Z,SYSTEM_OVERLOAD
2023-03-20T18:08:37Z,13,2023-02-13T21:06:01Z,SYSTEM_REBOOT
2023-02-10T12:30:15Z,13,2023-02-15T15:49:25Z,PLANNED_MAINTENANCE
2023-02-08T16:58:36Z,13,2023-02-16T01:58:06Z,SYSTEM_OVERLOAD
2023-03-09T19:37:54Z,13,2023-02-18T05:46:37Z,SYSTEM_OVERLOAD
2023-02-10T08:24:05Z,13,2023-02-19T12:17:34Z,PLANNED_MAINTENANCE
2023-03-07T23:09:06Z,13,2023-02-19T20:57:56Z,DIAGNOSTICS_COMPLETE
2023-03-07T08:15:39Z,13,2023-02-25T18:26:00Z,SYSTEM_OVERLOAD
2023-03-06T18:21:28Z,13,2023-02-28T16:35:12Z,SYSTEM_OVERLOAD
2023-03-15T11:53:56Z,13,2023-02-28T18:47:20Z,SYSTEM_OVERLOAD
2023-02-10T18:22:07Z,13,2023-03-03T18:54:48Z,PLANNED_MAINTENANCE
2023-02-15T04:22:18Z,13,2023-03-04T08:23:31Z,SYSTEM_REBOOT
2023-02-12T14:08:40Z,13,2023-03-05T22:59:33Z,SYSTEM_OVERLOAD
2023-02-24T01:18:56Z,13,2023-03-11T05:30:06Z,PLANNED_MAINTENANCE
2023-02-15T07:40:15Z,13,2023-03-16T06:21:30Z,UNPLANNED_MAINTENANCE
2023-02-03T14:43:23Z,13,2023-03-18T07:59:46Z,DIAGNOSTICS_COMPLETE