{
  "type" : "UiSdlConnected<UiSdlNavMenu>",
  "component" : {
    "logoImageUrl" : "assets/images/menu/logo.svg",
    "itemSections" : [ {
      "items" : [ {
        "id" : "overview",
        "title" : "WindTurbine.Menu.overview.title",
        "icon" : "grid",
        "redirectRoute": {
          "urlPath": "/windturbine/overview"
        }
      }, {
        "id" : "assets",
        "title" : "WindTurbine.Menu.assets.title",
        "icon" : "industry",
        "redirectRoute": {
          "urlPath": "/windturbine/assets"
        }
      }
    ]
    } ]
  }
}
