{"id":"WindTurbine#gearOilTemperature_ml","name":"gearOilTemperature_ml","meta":{"appCode":1764366223578664214,"env":"c3","app":"wt28","created":"2023-04-27T21:26:00Z","createdBy":"worker","updated":"2023-04-27T23:17:52Z","updatedBy":"BA","timestamp":"2023-04-27T23:17:52Z","fetchInclude":"[]","fetchType":"Feature"},"version":7,"subjectType":"WindTurbine","summary":"Raw measurement data from gearOilTemperature sensor.","_data":{"type":"Data.Lazy","lazies":{"10":{"type":"Data.Lazy","this":"WindTurbine","action":"eval","args":{"spec":{"type":"EvalSpec","projection":"id, turbineMeasurements.data.start, turbineMeasurements.data.activePower, turbineMeasurements.data.gearOilTemperature, turbineMeasurements.data.generatorRotationSpeed","interval":"DAY","timeZone":{"name":"NONE"},"materialize":true}}},"9":{"type":"Data.Lazy","this":{"type":"$LazyId","id":"10"},"action":"flatten","args":{"include":null,"level":2}},"8":{"type":"Data.Lazy","this":{"type":"$LazyId","id":"9"},"action":"rename","args":{"inplace":null,"level":null,"columns":{"turbineMeasurements_data_activePower.value":{"type":"Boxed<string>","value":"activePower_ml"},"turbineMeasurements_data_generatorRotationSpeed.value":{"type":"Boxed<string>","value":"generatorRotationSpeed_ml"},"turbineMeasurements_data_start.value":{"type":"Boxed<string>","value":"timestamp"},"turbineMeasurements_data_gearOilTemperature.value":{"type":"Boxed<string>","value":"gearOilTemperature_ml"}},"index":null,"mapper":null,"copy":null,"axis":null,"errors":null}},"7":{"type":"Data.Lazy","this":{"type":"$LazyId","id":"8"},"action":"astype","args":{"dtype":{"generatorRotationSpeed_ml":{"type":"Boxed<string>","value":"float64"},"gearOilTemperature_ml":{"type":"Boxed<string>","value":"float64"},"activePower_ml":{"type":"Boxed<string>","value":"float64"},"timestamp":{"type":"Boxed<string>","value":"datetime64[ns]"}},"copy":null,"errors":null}},"6":{"type":"Data.GroupBy.Lazy","this":{"type":"$LazyId","id":"7"},"action":"groupby","args":{"squeeze":null,"as_index":null,"level":null,"by":"subject","group_keys":null,"sort":null,"axis":null,"dropna":null,"observed":null}},"5":{"type":"Data.Resample.Lazy","this":{"type":"$LazyId","id":"6"},"action":"resample","args":{"rule":"H","on":"timestamp"}},"4":{"type":"Data.Lazy","this":{"type":"$LazyId","id":"5"},"action":"mean","args":{"_method":null}},"3":{"type":"Data.Lazy","this":{"type":"$LazyId","id":"4"},"action":"reset_index","args":{"drop":null,"inplace":null,"level":null,"col_fill":null,"col_level":null}},"2":{"type":"Data.Lazy","this":{"type":"$LazyId","id":"3"},"action":"fillna","args":{"inplace":null,"method":"ffill","downcast":null,"limit":null,"axis":null,"value":null}},"1":{"type":"Data.Lazy","this":{"type":"$LazyId","id":"2"},"action":"fillna","args":{"inplace":null,"method":null,"downcast":null,"limit":null,"axis":null,"value":0}},"0":{"type":"Data.Lazy","this":{"type":"$LazyId","id":"1"},"action":"getItem","args":{"fst":[{"type":"Boxed<string>","value":"subject"},{"type":"Boxed<string>","value":"timestamp"},{"type":"Boxed<string>","value":"gearOilTemperature_ml"}]}}}}}
