{"id":"WindTurbine#activePower_median_deviation_ml","name":"activePower_median_deviation_ml","meta":{"appCode":1764366223578664214,"env":"c3","app":"wt28","created":"2023-04-27T21:26:00Z","createdBy":"worker","updated":"2023-04-27T23:17:52Z","updatedBy":"BA","timestamp":"2023-04-27T23:17:52Z","fetchInclude":"[]","fetchType":"Feature"},"version":7,"subjectType":"WindTurbine","summary":"Median deviation for activePower sensor.","_data":{"type":"Data.Lazy","lazies":{"11":{"type":"Data.Lazy","this":"WindTurbine","action":"eval","args":{"spec":{"type":"EvalSpec","projection":"id, turbineMeasurements.data.start, turbineMeasurements.data.activePower, turbineMeasurements.data.gearOilTemperature, turbineMeasurements.data.generatorRotationSpeed","interval":"DAY","timeZone":{"name":"NONE"},"materialize":true}}},"10":{"type":"Data.Lazy","this":{"type":"$LazyId","id":"11"},"action":"flatten","args":{"include":null,"level":2}},"9":{"type":"Data.Lazy","this":{"type":"$LazyId","id":"10"},"action":"rename","args":{"inplace":null,"level":null,"columns":{"turbineMeasurements_data_activePower.value":{"type":"Boxed<string>","value":"activePower_ml"},"turbineMeasurements_data_generatorRotationSpeed.value":{"type":"Boxed<string>","value":"generatorRotationSpeed_ml"},"turbineMeasurements_data_start.value":{"type":"Boxed<string>","value":"timestamp"},"turbineMeasurements_data_gearOilTemperature.value":{"type":"Boxed<string>","value":"gearOilTemperature_ml"}},"index":null,"mapper":null,"copy":null,"axis":null,"errors":null}},"8":{"type":"Data.Lazy","this":{"type":"$LazyId","id":"9"},"action":"astype","args":{"dtype":{"generatorRotationSpeed_ml":{"type":"Boxed<string>","value":"float64"},"gearOilTemperature_ml":{"type":"Boxed<string>","value":"float64"},"activePower_ml":{"type":"Boxed<string>","value":"float64"},"timestamp":{"type":"Boxed<string>","value":"datetime64[ns]"}},"copy":null,"errors":null}},"7":{"type":"Data.GroupBy.Lazy","this":{"type":"$LazyId","id":"8"},"action":"groupby","args":{"squeeze":null,"as_index":null,"level":null,"by":"subject","group_keys":null,"sort":null,"axis":null,"dropna":null,"observed":null}},"6":{"type":"Data.Resample.Lazy","this":{"type":"$LazyId","id":"7"},"action":"resample","args":{"rule":"H","on":"timestamp"}},"5":{"type":"Data.Lazy","this":{"type":"$LazyId","id":"6"},"action":"mean","args":{"_method":null}},"4":{"type":"Data.Lazy","this":{"type":"$LazyId","id":"5"},"action":"reset_index","args":{"drop":null,"inplace":null,"level":null,"col_fill":null,"col_level":null}},"3":{"type":"Data.Lazy","this":{"type":"$LazyId","id":"4"},"action":"fillna","args":{"inplace":null,"method":"ffill","downcast":null,"limit":null,"axis":null,"value":null}},"14":{"type":"Data.Series.Lazy","this":{"type":"$LazyId","id":"3"},"action":"getItem","args":{"fst":"activePower_ml"}},"17":{"type":"Data.Series.Lazy","this":{"type":"$LazyId","id":"3"},"action":"getItem","args":{"fst":"activePower_ml"}},"16":{"type":"Data.Series.Rolling.Lazy","this":{"type":"$LazyId","id":"17"},"action":"rolling","args":{"method":null,"min_periods":1,"center":null,"closed":null,"window":96,"axis":null,"win_type":null,"on":null}},"15":{"type":"Data.Series.Lazy","this":{"type":"$LazyId","id":"16"},"action":"median","args":{"engine":null,"engine_kwargs":null}},"13":{"type":"Data.Series.Lazy","this":{"type":"$LazyId","id":"14"},"action":"sub","args":{"other":{"type":"$LazyId","id":"15"},"level":null,"fill_value":null,"axis":null}},"12":{"type":"Data.Series.Lazy","this":{"type":"$LazyId","id":"13"},"action":"abs","args":{}},"2":{"type":"Data.Lazy","this":{"type":"$LazyId","id":"3"},"action":"setItem","args":{"selector":"activePower_median_deviation_ml","value":{"type":"$LazyId","id":"12"}}},"1":{"type":"Data.Lazy","this":{"type":"$LazyId","id":"2"},"action":"fillna","args":{"inplace":null,"method":null,"downcast":null,"limit":null,"axis":null,"value":0}},"0":{"type":"Data.Lazy","this":{"type":"$LazyId","id":"1"},"action":"getItem","args":{"fst":[{"type":"Boxed<string>","value":"subject"},{"type":"Boxed<string>","value":"timestamp"},{"type":"Boxed<string>","value":"activePower_median_deviation_ml"}]}}}}}
