{
  "type": "UiSdlConnected<UiSdlMap>",
  "component": {
    "title": "WindTurbine.DistributionMap.title",
    "height": 600,
    "dataSpec": {
      "dataType": {
        "typeName": "WindTurbine"
      },
      "latitude": {
        "fieldName": "latitude"
      },
      "longitude": {
        "fieldName": "longitude"
      },
      "tooltipHeader": {
        "fieldName": "turbineId"
      },
      "tooltipAdditionalFields": [
        {
          "fieldName": "city",
          "label": "WindTurbine.DistributionMap.City.label"
        },
        {
          "fieldName": "manufacturer",
          "label": "WindTurbine.DistributionMap.Manufacturer.label"
        },
        {
          "fieldName": "latestEvent",
          "label": "Last event"
        }
      ]
    }
  }
}
