{
  "type":"UiSdlConnected<UiSdlCategoricalLineBarChart>",
  "component": {
    "header": {
      "title":"WindTurbine.EventChart.title"
    },
    "chartLayout":"HORIZONTAL",
    "backgroundStyle": "HORIZONTAL_LINES",
    "height": 322,
    "stackBars": true,
    "zoomEnabled": false,
    "legend": {
      "legendLayout":"HORIZONTAL",
      "legendPosition": "BELOW_CHART"
    },
    "grid": {
      "top": 20
    },
    "tooltipValuesDecimalPrecision": 0,
    "xAxis": {
      "name":"WindTurbine.EventChart.xAxis.name",
      "inverse": true
    },
    "yAxis": {
      "name":"WindTurbine.EventChart.yAxis.name"
    },
    "dataSpec": {
      "dataType":"WindTurbine",
      "limit": 5,
      "orderOnAggregateYAxisFields": true,
      "xAxisField": {
        "fieldName":"city",
        "sortDirection": "descending",
        "sortedBasedOn": "Y values"

      },
      "yAxisFields": [
        {
          "fieldName":"unplannedMaintenanceEvents",
          "legendLabel":"Unplanned maintenance",
          "visualizationType": {
            "type":"UiSdlLineBarChartBarVisualization",
            "width": 10
          },
          "color" : "#F44C48",
          "aggregation":"Sum"
        },
        {
          "fieldName":"rebootEvents",
          "legendLabel":"System reboot",
          "visualizationType": {
            "type":"UiSdlLineBarChartBarVisualization",
            "width": 10
          },
          "color" : "#d1b630",
          "aggregation":"Sum"
        },
        {
          "fieldName":"plannedMaintenanceEvents",
          "legendLabel":"Planned maintenance",
          "visualizationType": {
            "type":"UiSdlLineBarChartBarVisualization",
            "width": 10
          },
          "color" : "#808080",
          "aggregation":"Sum"
        }
      ]
    }
  }
}
