{
  "type": "UiSdlConnected<UiSdlPieChart>",
  "component": {
    "header": {
      "title": "WindTurbine.EventPieChart.title",
      "alignment": "LEFT"
    },
    "legendConfig": {
      "legendHorizontalAlignment": "LEFT",
      "legendPosition": "BELOW_CHART",
      "legendVerticalAlignment": "TOP",
      "legendLayout": "HORIZONTAL"
    },
    "chartType": "PIE",
    "tooltip": true,
    "dataSpec": {
      "dataType": {
        "typeName": "WindTurbineEvent"
      },
      "value": {
        "fieldName": "event_code",
        "label": "WindTurbine.EventPieChart.EventCode.label",
        "aggregationSelector": "COUNT"
      }
    }
  }
}
