{
  "type": "UiSdlConnected<UiSdlForm>",
  "component": {
    "title": {
      "title": "WindTurbine.AddAssetForm.title"
    },
    "submitDataSpec": {
      "dataType": "WindTurbine",
      "actionName": "merge",
      "submitArgument": "this"
    },
    "clearOnCancel": true,
    "dataSpec": {
      "fieldSets": {
        "type": "[UiSdlFormFieldSet]",
        "value": [
          {
            "type": "UiSdlFormFieldSet",
            "fields": [
              {
                "inputElement": {
                  "type": "UiSdlTextInput"
                },
                "fieldName": "turbineId",
                "label": "WindTurbine.AddAssetForm.turbineId.label",
                "required": true
              },
              {
                "inputElement":  {
                  "type": "UiSdlFieldGroup",
                  "fieldGroupFields": [ {
                    "inputElement": {
                      "type": "UiSdlTextInput"
                    },
                    "fieldName": "country",
                    "required": true,
                    "label": "WindTurbine.AddAssetForm.country.label"
                  }, {
                    "inputElement": {
                      "type": "UiSdlTextInput"
                    },
                    "fieldName": "city",
                    "required": true,
                    "label": "WindTurbine.AddAssetForm.city.label"
                  } ]
                }
              },
              {
                "inputElement": {
                  "type": "UiSdlTextInput"
                },
                "fieldName": "manufacturer",
                "label": "WindTurbine.AddAssetForm.manufacturer.label",
                "required": true
              }
            ]
          }
        ]
      }
    }
  },
  "effectTriggers": [
    {
      "trigger": "WindTurbine.AddAssetForm.FORM_SUBMIT",
      "actions": [
        {
          "type": "WindTurbine.AddAssetForm.FORM_RESET"
        }
      ]
    },
    {
      "trigger": "WindTurbine.AddAssetForm.FORM_CANCEL",
      "actions": [
        {
          "type": "WindTurbine.AddAssetModal.MODAL_CLOSE"
        }
      ]
    }
  ]
}
