{
  "type" : "UiSdlConnected<UiSdlModal>",
  "component" : {
    "children" : [ {
      "id" : "WindTurbine.AddAssetForm"
    } ]
  },
  "effectTriggers": [
    {
      "trigger": "WindTurbine.AddAssetModal.MODAL_OPEN",
      "actions": [
        {
          "type": "WindTurbine.AddAssetForm.FORM_RESET"
        }
      ]
    },
    {
      "trigger": "WindTurbine.AddAssetModal.MODAL_OPEN",
      "actions": [
        {
          "type": "WindTurbine.AddAssetForm.FORM_RESET"
        }
      ]
    },
    {
      "trigger": "WindTurbine.AddAssetModal.MODAL_CLOSE",
      "actions": [
        {
          "type": "WindTurbine.AssetsGrid_dataSpec_ds.DATA_REQUEST"
        },
        {
          "type": "WindTurbine.EventsList_dataSpec_ds.DATA_REQUEST"
        },
        {
          "type": "WindTurbine.AssetsGrid.UPDATE_DATA_COUNT"
        }
      ]
    }
  ]
}
