{
  "type": "UiSdlConnected<UiSdlDefinitionList>",
  "component": {
    "dataSpec": {
      "dataType": {
        "typeName": "WindTurbineOverviewHelper"
      },
      "advancedDataSpec" : {
        "actionName" : "get"
      },
      "disableDataRequestOnFirstRender": false,
      "fields": [ 
        {
          "label": "Assets under management",
          "fieldName": "numAssets"
        },
        {
          "label": "Events",
          "fieldName": "numEvents"
        },
        {
          "label": "WindTurbine.EventsList.NumMeasurements",
          "fieldName": "numMeasurements"
        } 
      ]
    },
    "ordering": "OFF",
    "orientation": "HORIZONTAL",
    "divider": true,
    "rowSpacing": "SMALL"
  }
}
