{
  "type": "UiSdlConnected<UiSdlFilterPanel>",
  "component": {
    "title": {
      "title": "WindTurbine.AssetsFilterPanel.title"
    },
    "settingsMenu": {
      "allowSaveAndLoadConfiguration": true,
      "allowAdvancedFilterMode": true
    },
    "dataSpec": {
      "dataType": "WindTurbine",
      "actionName": "fetch",

      "fieldSets": [
        {
          "title": "WindTurbine.AssetsFilterPanel.Assets",
          "fields": [
            {
              "type": "UiSdlFieldSetFilterFieldSetting",
              "fieldName": "turbineId",
              "label": "WindTurbine.AssetsFilterPanel.TurbineIdLabel",
              "componentsToFilterMapping": {
                "value": {
                  "WindTurbine.AssetsGrid": {
                    "WindTurbine": "turbineId"
                  }
                }
              },
              "filterElement": {
                "type": "UiSdlSingleSearchFilterField",
                "inputElement": {
                  "serverSearch": true,
                  "clear": true,
                  "fluid": true,
                  "placeholder": "Search",
                  "dataSpec": {
                    "dataType": "WindTurbine",
                    "actionName": "fetch",
                    "dataTransforms": [ "UiSdlTransformFetchResultToArray" ]
                  },
                  "valueField": "turbineId",
                  "displayField": "turbineId"
                }
              }
            },
            {
              "type": "UiSdlFieldSetFilterFieldSetting",
              "fieldName": "country",
              "label": "WindTurbine.AssetsFilterPanel.CountryLabel",
              "componentsToFilterMapping": {
                "value": {
                  "WindTurbine.AssetsGrid": {
                    "WindTurbine": "country"
                  }
                }
              },
              "filterElement": {
                "type": "UiSdlSingleSearchFilterField",
                "inputElement": {
                  "serverSearch": true,
                  "clear": true,
                  "fluid": true,
                  "placeholder": "Search",
                  "dataSpec": {
                    "dataType": "WindTurbine",
                    "actionName": "fetch",
                    "dataTransforms": [ "UiSdlTransformFetchResultToArray" ]
                  },
                  "valueField": "country",
                  "displayField": "country"
                }
              }
            },
            {
              "type": "UiSdlFieldSetFilterFieldSetting",
              "fieldName": "manufacturer",
              "label": "WindTurbine.AssetsFilterPanel.ManufacturerLabel",
              "componentsToFilterMapping": {
                "value": {
                  "WindTurbine.AssetsGrid": {
                    "WindTurbine": "manufacturer"
                  }
                }
              },
              "filterElement": {
                "type": "UiSdlSingleSearchFilterField",
                "inputElement": {
                  "serverSearch": true,
                  "clear": true,
                  "fluid": true,
                  "placeholder": "Search",
                  "dataSpec": {
                    "dataType": "WindTurbine",
                    "actionName": "fetch",
                    "dataTransforms": [ "UiSdlTransformFetchResultToArray" ]
                  },
                  "valueField": "manufacturer",
                  "displayField": "manufacturer"
                }
              }
            }
          ]
        } 
      ]
    }
  }
}
