{
  "type": "UiSdlConnected<UiSdlDataGrid>",
  "component": {
    "header": {
      "title": "WindTurbine.AssetsGrid.title"
    },
    "paginationConfig": {
      "pageSize": 10,
      "pagination": true
    },
    "tableActions": [
      {
        "type": "UiSdlActionGroup",
        "iconSuffix": "plus",
        "actionSuffix": "CREATE_ASSET",
        "name": "WindTurbine.AssetsGrid.createAsset"
      }
    ],
    "reorderableColumns": true,
    "insertableRows": false,
    "removableRows": true,
    "filterBar": true,
    "dataSpec": {
      "dataType": "WindTurbine",
      "columnFields": [
        {
          "fieldName": "id",
          "label": "WindTurbine.AssetsGrid.id",
          "sortable" : true,
          "searchable": true
        },
        {
          "fieldName": "country",
          "label": "WindTurbine.AssetsGrid.country",
          "sortable" : true,
          "searchable": true,
          "editable": true
        },
        {
          "fieldName": "city",
          "label": "WindTurbine.AssetsGrid.city",
          "sortable" : true,
          "searchable": true,
          "editable": true
        },
        {
          "fieldName": "manufacturer",
          "label": "WindTurbine.AssetsGrid.manufacturer",
          "sortable" : true,
          "searchable": true,
          "editable": true
        },
        {
          "fieldName": "power",
          "label": "Max power output",
          "sortable" : true,
          "searchable": true,
          "editable": true
        }
      ]
    }
  },
  "effectTriggers": [
    {
      "trigger": "WindTurbine.AssetsGrid.TABLE_ACTION_CLICK_CREATE_ASSET",
      "effectType": "UiSdlEpicShowUiSdlModal",
      "payload": {
        "modal": "WindTurbine.AddAssetModal"
      }
    },
    {
      "trigger": "WindTurbine.AssetsGrid_dataSpec_ds.DATA_REQUEST",
      "actions": [
        {
          "type": "WindTurbine.EventsList_dataSpec_ds.DATA_REQUEST"
        }
      ]
    }
  ]
}
