{"id":"WindTurbine#windTurbineFeatures_ml","name":"windTurbineFeatures_ml","meta":{"appCode":1764366223578664214,"env":"c3","app":"wt28","created":"2023-04-27T21:26:01Z","createdBy":"worker","updated":"2023-04-27T22:51:56Z","updatedBy":"BA","timestamp":"2023-04-27T22:51:56Z","fetchInclude":"[]","fetchType":"Feature.Set"},"version":2,"subjectType":"WindTurbine","summary":"Time series feature set","description":"\nThis is a time series feature set with features computed from WindTurbineMeasurements. The raw fields are activePower,\ngearOilTempurature, and generatorRotationSpeed. For each raw value, we compute four engineered features:\nthe maximum difference, the rolling standard deviation, the rolling mean, and the median deviation.\n","interval":"HOUR","features":["generatorRotationSpeed_ml","activePower_diff_ml","gearOilTemperature_rolling_std_ml","activePower_rolling_std_ml","generatorRotationSpeed_diff_ml","gearOilTemperature_diff_ml","gearOilTemperature_rolling_mean_ml","gearOilTemperature_ml","generatorRotationSpeed_rolling_mean_ml","gearOilTemperature_median_deviation_ml","generatorRotationSpeed_rolling_std_ml","activePower_median_deviation_ml","generatorRotationSpeed_median_deviation_ml","activePower_ml","activePower_rolling_mean_ml"]}
