{"properties":{"sourceSystem":{"description":"Indicates the source system from which this canonical is imported","type":"string"},"timestamp":{"description":"Indicates the timestamp of the canonical in source system","type":"null"},"sourcesId":{"description":"Id of the {@link Sources} for the Source","type":"string"},"sourceFileEncodedPath":{"description":"Encoded path of {@link SourceFile}","type":"string"},"sourceFileUrl":{"description":"Url of the {@link SourceFile}","type":"string"},"id":{"description":null,"type":"string"},"name":{"description":null,"type":"string"},"turbineId":{"description":null,"type":"string"},"manufacturer":{"description":null,"type":"string"},"power":{"description":null,"type":"number"},"location":{"description":null,"type":"string"},"country":{"description":null,"type":"string"},"city":{"description":null,"type":"string"},"latitude":{"description":null,"type":"number"},"longitude":{"description":null,"type":"number"},"type":{"description":"Metadata type name.","type":"string"}},"type":"object","title":null,"name":"SourceWindTurbine","required":[],"additionalProperties":false}