{"properties":{"sourceSystem":{"description":"Indicates the source system from which this canonical is imported","type":"string"},"timestamp":{"description":"Indicates the timestamp of the canonical in source system","type":"null"},"sourcesId":{"description":"Id of the {@link Sources} for the Source","type":"string"},"sourceFileEncodedPath":{"description":"Encoded path of {@link SourceFile}","type":"string"},"sourceFileUrl":{"description":"Url of the {@link SourceFile}","type":"string"},"activePower":{"description":null,"type":"number"},"generatorRotationSpeed":{"description":null,"type":"number"},"gearOilTemperature":{"description":null,"type":"number"},"turbineId":{"description":null,"type":"string"},"type":{"description":"Metadata type name.","type":"string"}},"type":"object","title":null,"name":"SourceWindTurbineMeasurement","required":[],"additionalProperties":false}