{"properties":{"sourceSystem":{"description":"Indicates the source system from which this canonical is imported","type":"string"},"timestamp":{"description":"Indicates the timestamp of the canonical in source system","type":"null"},"sourcesId":{"description":"Id of the {@link Sources} for the Source","type":"string"},"sourceFileEncodedPath":{"description":"Encoded path of {@link SourceFile}","type":"string"},"sourceFileUrl":{"description":"Url of the {@link SourceFile}","type":"string"},"start":{"description":null,"type":"null"},"end":{"description":null,"type":"null"},"event_code":{"description":null,"type":"string"},"turbineId":{"description":null,"type":"string"},"type":{"description":"Metadata type name.","type":"string"}},"type":"object","title":null,"name":"SourceWindTurbineEvent","required":[],"additionalProperties":false}