{"properties":{"subtitle":{"description":"The subtitle to display","type":"null"},"meta":{"description":"Various system fields.","$ref":"Meta.schema.json"},"id":{"description":"Unique identifier for the logical object that instance of this type represents.","type":"string"},"name":{"description":"The name of the component. Optional field for informational purposes only.","type":"string"},"dataSpec":{"description":"The data settings for this component.\n\n@uiSdlDesignerCustomRenderer(rendererType='')","$ref":"UiSdlNoData.schema.json"},"disableDataRequestOnFirstRender":{"description":"Disable if you want to avoid sending any and all requests for this component on first render.","type":"boolean"},"triggersRegistered":{"description":"Whether the effect triggers and epics have been registered","type":"boolean"},"wrapWithMetadataId":{"description":"Whether to wrap the component with a div which has a class name of its metdata id. Useful for targeting with css.","type":"boolean"},"title":{"description":"The title for layout container, a {@link UiSdlLayoutContainerTitle} instance.","$ref":"UiSdlLayoutContainerTitle.schema.json"},"wrapped":{"description":"Whether to wrap the children components in a card layout. When\n{@link title} is defined, this is forced to `true`.","type":"boolean"},"children":{"description":"An nested array of {@link UiSdlVariableWidthComponentRef} to be rendered in the main content.","type":"array","items":{"$ref":"UiSdlVariableWidthComponentRef.schema.json"}},"type":{"description":"Metadata type name.","type":"string"}},"type":"object","title":null,"name":"UiSdlCustomLayoutContainerReact","required":[],"additionalProperties":false}