{"properties":{"id":{"description":"The id of this instance.","type":"string"},"versionEdits":{"description":"Version history.  Only populated when version history is enabled.  Used for retrieving earlier versions of an Obj.\n\nCompletely and automatically managed by the system.\n\n@see Ann.Db.versionHistory","type":"array","items":{"$ref":"VersionEdit.schema.json"}},"name":{"description":"Name of the Obj instance","type":"string"},"meta":{"description":"Various system fields.","$ref":"Meta.schema.json"},"version":{"description":"Version number used for optimistic concurrency.  Automatically managed by the system.\n\nUpdating an Obj with a null or 0 value for version will cause the concurrency check to be skipped and should only\nbe done with great caution.","type":"number"},"typeWithBindings":{"description":"Persists concrete type with bindings for generic types where instance has parameter bindings","$ref":"Type.schema.json"},"turbineId":{"description":"The id of the wind turbine.","type":"string"},"country":{"description":"The country of the wind turbine.","type":"string"},"city":{"description":"The city of the wind turbine.","type":"string"},"latitude":{"description":"The latitude of the wind turbine.","type":"number"},"longitude":{"description":"The longitude of the wind turbine.","type":"number"},"power":{"description":"Nominal power of the wind turbine (e.g., 150 mega watts).","type":"number"},"manufacturer":{"description":"The manufacturer of the wind turbine.","type":"string"},"type":{"description":"Metadata type name.","type":"string"}},"type":"object","title":null,"name":"WindTurbine","required":[],"additionalProperties":false}