{"properties":{"id":{"description":"Unique id that can either be manually specified or automatically generated during object creation.  Can't be\nchanged once instance is persisted.","type":"string"},"versionEdits":{"description":"Version history.  Only populated when version history is enabled.  Used for retrieving earlier versions of an Obj.\n\nCompletely and automatically managed by the system.\n\n@see Ann.Db.versionHistory","type":"array","items":{"$ref":"VersionEdit.schema.json"}},"name":{"description":"Name of the Obj instance","type":"string"},"meta":{"description":"Various system fields.","$ref":"Meta.schema.json"},"version":{"description":"Version number used for optimistic concurrency.  Automatically managed by the system.\n\nUpdating an Obj with a null or 0 value for version will cause the concurrency check to be skipped and should only\nbe done with great caution.","type":"number"},"typeWithBindings":{"description":"Persists concrete type with bindings for generic types where instance has parameter bindings","$ref":"Type.schema.json"},"start":{"description":"The start time for the event","type":"null"},"turbineId":{"description":"The id of the WindTurbine","$ref":"WindTurbine.schema.json"},"end":{"description":"The end time for the event","type":"null"},"event_code":{"description":"The specific event code","type":"string"},"type":{"description":"Metadata type name.","type":"string"}},"type":"object","title":null,"name":"WindTurbineEvent","required":["id"],"additionalProperties":false}